PayerID,FirstName,LastName,Address,City,PhoneNumber,Email
1,Gianluigi,Magrassi,"Borgo Binaghi, 4 Piano 1",Vicenza,35006067525,ilaria02@example.com
2,Enzo,Turati,"Via Marenzio, 26",Venezia,+39 0942745143,ebusoni@example.org
3,Aurora,Scarpetta,"Strada Fanucci, 986 Piano 0",Rovigo,+39 057320910,gianfranco03@example.org
4,Giacomo,Gori,"Vicolo Cafarchia, 878",Belluno,+39 0942283977,fabiofinetti@example.com
5,Giovanni,Carfagna,"Piazza Imelda, 157 Appartamento 34",Belluno,+39 0795836837,zaccagninirosalia@example.com
6,Mirko,Frescobaldi,"Vicolo Travaglia, 979",Treviso,+39 371493536,fiorenzobrunello@example.org
7,Sandra,Bellò,"Strada Hugo, 40 Piano 1",Rovigo,+39 08812727754,giulianopetrassi@example.org
8,Bernardo,Capuana,"Canale Garobbio, 798 Piano 8",Venezia,+39 3701187807,rismondoadriano@example.net
9,Gioacchino,Chechi,"Borgo Orlando, 72",Verona,058426738,gpalumbo@example.org
10,Lilla,Boccioni,"Strada Ansaldo, 935",Treviso,+39 377427208,leonardo18@example.com
11,Baldassare,Zanzi,"Piazza Paola, 0",Vicenza,33171959694,sobrerosole@example.net
12,Loretta,Gianvecchio,"Piazza Bianchini, 10 Appartamento 57",Treviso,+39 0932928633,tacchinibarbara@example.com
13,Cipriano,Sgalambro,"Vicolo Chigi, 769 Appartamento 18",Venezia,+39 07956434194,elisa02@example.org
14,Nanni,Cociarelli,"Vicolo Bernetti, 140 Appartamento 18",Padova,09759123921,robertopisano@example.net
15,Virgilio,Cortese,"Contrada Monicelli, 5",Venezia,05217410583,gianluigi56@example.net
16,Mariano,Polizzi,"Strada Maria, 27 Appartamento 35",Verona,0545204461,rosaria07@example.com
17,Antonina,Scarpetta,"Strada Laura, 2 Piano 4",Belluno,351091631,robertoprocacci@example.net
18,Fiorino,Lucciano,"Strada Cuzzocrea, 33 Appartamento 8",Belluno,0342740740,bquasimodo@example.net
19,Maria,Cainero,"Incrocio Cutuli, 65 Appartamento 40",Padova,+39 3509752501,armellinigiovanna@example.org
20,Liliana,Verri,"Via Donà, 972",Venezia,08740618941,vboito@example.net
21,Ivo,Mantegazza,"Vicolo Aloisio, 3",Venezia,373569137,pdetti@example.org
22,Lidia,Tarchetti,"Rotonda Renault, 43",Verona,+39 36601609598,arsenio49@example.com
23,Durante,Interminei,"Canale Maderno, 94",Treviso,370393172,manuelchinnici@example.com
24,Franco,Campanella,"Borgo Lucia, 78",Verona,+39 3713808316,vittoriaperini@example.net
25,Jacopo,Mondaini,"Canale Interiano, 59 Piano 7",Venezia,35050560369,annibaleflorio@example.com
26,Marco,Gualtieri,"Vicolo Nicolini, 7",Vicenza,+39 375525055,chechirosalia@example.com
27,Eliana,Ostinelli,"Via Marzorati, 17 Piano 3",Verona,094212856,gravinavirgilio@example.org
28,Mirco,Montesano,"Stretto Donatella, 37 Piano 6",Padova,3856045261,bottaroflavio@example.com
29,Beppe,Mortati,"Piazza Cirillo, 9",Padova,+39 0941838416,adele64@example.com
30,Luca,Giacometti,"Incrocio Lamborghini, 40",Padova,+39 042997026,faustobaglioni@example.org
31,Sante,Murri,"Via Zola, 17 Piano 0",Rovigo,382951491,gellinina@example.net
32,Giampaolo,Accardo,"Piazza Lucio, 42 Piano 7",Vicenza,+39 073575412,roberto50@example.com
33,Annalisa,Bodoni,"Stretto Moneta, 31",Padova,05653070054,lillalupo@example.com
34,Benedetto,Telesio,"Rotonda Venancio, 72",Vicenza,+39 058339643,orazio46@example.com
35,Panfilo,Gradenigo,"Vicolo Vergassola, 42 Piano 8",Belluno,+39 0471725409,zlamborghini@example.org
36,Alessio,Giorgetti,"Incrocio Morgagni, 1",Venezia,+39 3334274527,interminellibenedetto@example.net
37,Baccio,Farinelli,"Incrocio Valeria, 17",Belluno,+39 35155448553,filipparossellini@example.org
38,Loretta,Barbarigo,"Stretto Papetti, 87",Padova,+39 096259488,omazzanti@example.com
39,Fredo,Roth,"Canale Filippa, 32 Appartamento 18",Belluno,+39 35134114942,rosario29@example.org
40,Salvatore,Rinaldi,"Stretto Nedda, 88 Piano 5",Rovigo,3624961240,serenaiadanza@example.org
41,Sebastiano,Morricone,"Borgo Brambilla, 46",Verona,+39 0363781280,benitoverdi@example.net
42,Lucrezia,Zamorani,"Vicolo Sabatini, 5 Piano 0",Venezia,+39 088127535,serafina69@example.net
43,Eugenia,Ricciardi,"Stretto Trillini, 65",Rovigo,+39 0932733945,gberre@example.net
44,Gioachino,Bonomo,"Strada Giacomo, 3",Treviso,+39 01632648645,chedaadele@example.org
45,Ramona,Giannone,"Contrada Zaira, 52 Appartamento 11",Belluno,0932023914,giovannagarobbio@example.com
46,Biagio,Foscari,"Contrada Garobbio, 830 Piano 6",Padova,+39 3858488254,jferrucci@example.net
47,Berenice,Mascheroni,"Contrada Antonio, 2 Piano 8",Vicenza,+39 03436176617,ramonavalentino@example.com
48,Ramona,Aloisio,"Borgo Palombi, 2",Treviso,0422759749,gianpaoloserao@example.com
49,Mirko,Pepe,"Incrocio Fiorenzo, 5 Appartamento 38",Padova,+39 02456799446,alfiogadda@example.org
50,Geronimo,Sollima,"Strada Hugo, 912",Padova,0773397780,corcosmilena@example.com
51,Ronaldo,Petrucci,"Strada Nanni, 180 Appartamento 87",Rovigo,37363602346,osonnino@example.net
52,Liliana,Barsanti,"Strada Coluccio, 7 Appartamento 8",Vicenza,+39 0549571343,giosue55@example.com
53,Alderano,Nosiglia,"Incrocio Volta, 885",Verona,379128442,flavio96@example.com
54,Ivan,Missoni,"Rotonda Parmitano, 868",Belluno,+39 0923239990,guglielmo42@example.org
55,Iolanda,Gemito,"Contrada Augusto, 728",Treviso,+39 06598836388,margheritamontessori@example.com
56,Umberto,Cuomo,"Rotonda Fanucci, 3 Piano 6",Vicenza,+39 35005246694,cmatteotti@example.net
57,Renzo,Tagliafierro,"Piazza Piergiuseppe, 86",Treviso,07173662614,donaarmando@example.com
58,Morena,Missoni,"Borgo Stucchi, 44 Appartamento 5",Venezia,0853789856,trottagiada@example.org
59,Aria,Badoer,"Via Raffaele, 8 Piano 3",Verona,+39 3292890554,raffaellinojilani@example.net
60,Armando,Viola,"Viale Palazzo, 68 Appartamento 0",Belluno,+39 37738721006,collinafulvio@example.org
61,Patrizio,Bazzi,"Via Ippazio, 674 Piano 2",Rovigo,054330699,mgalvani@example.net
62,Paloma,Bartoli,"Canale Travaglia, 487 Piano 4",Rovigo,+39 0732742207,marcello24@example.com
63,Roberta,Micheletti,"Piazza Raffaellino, 424 Appartamento 4",Padova,0171669158,berenice14@example.net
64,Lisa,Giammusso,"Canale Giacomo, 82 Piano 4",Treviso,32293942906,eugeniaserlupi@example.net
65,Ermenegildo,Bixio,"Incrocio Maria, 982 Piano 8",Venezia,073315942,elladio24@example.com
66,Gian,Sansoni,"Viale Tornatore, 90 Appartamento 39",Padova,+39 0774998551,luca62@example.org
67,Tullio,Caironi,"Vicolo Alessandro, 7",Vicenza,+39 05648389644,annibalestucchi@example.org
68,Fiorino,Monicelli,"Stretto Griselda, 21",Venezia,0566964933,baccio66@example.net
69,Gabriella,Binaghi,"Strada Sandro, 17",Verona,097422641,francescocalarco@example.org
70,Lauretta,Ligorio,"Rotonda Santino, 82 Piano 7",Venezia,+39 092321905,qtacchini@example.com
71,Lara,Renault,"Borgo Mattia, 667 Appartamento 7",Venezia,+39 07159295457,xtrombetta@example.org
72,Camilla,Bajardi,"Via Fabrizio, 42",Venezia,09315782293,ttutino@example.org
73,Olga,Bignardi,"Strada Mirko, 23 Appartamento 47",Venezia,+39 0555260361,torquatofarnese@example.org
74,Pietro,Maffei,"Strada Agostinelli, 98 Appartamento 56",Verona,+39 088108743,sergius70@example.org
75,Giacomo,Mogherini,"Incrocio Gasperi, 76",Venezia,+39 0341540705,imelda94@example.com
76,Gioacchino,Chinnici,"Canale Saverio, 19 Piano 4",Treviso,07215205636,xoscuro@example.org
77,Salvi,Iannuzzi,"Via Schiavone, 425",Padova,04310356480,venanciorenzi@example.com
78,Lauretta,Palombi,"Rotonda Toso, 1",Treviso,+39 0123197865,modiglianiserafina@example.com
79,Bruno,Nordio,"Viale Fernanda, 429 Piano 5",Rovigo,37109080190,giorgia00@example.com
80,Bianca,Morricone,"Via Donna, 383",Padova,+39 3776558145,palazzomartina@example.com
81,Tiziana,Staglieno,"Rotonda Conti, 735 Appartamento 6",Venezia,+39 057448040,gastone62@example.org
82,Mariano,Baggio,"Viale Dovara, 6 Piano 2",Padova,+39 0421613280,ennio75@example.net
83,Antonello,Lerner,"Canale Paoletta, 4 Piano 9",Rovigo,+39 016356619,pomettaveronica@example.org
84,Angelica,Errigo,"Stretto Brunelleschi, 36 Piano 1",Vicenza,+39 3518393574,tandreotti@example.net
85,Monica,Zecchini,"Stretto Gemito, 21 Appartamento 7",Venezia,3518724839,fabrizia86@example.net
86,Allegra,Odescalchi,"Canale Caironi, 2",Belluno,032457956,sdisdero@example.org
87,Toni,Carducci,"Vicolo Rosmini, 23 Appartamento 66",Treviso,+39 018758969,jolanda37@example.org
88,Dario,Raurica,"Contrada Lucia, 29 Piano 3",Belluno,+39 351856145,civaschimarcantonio@example.com
89,Baldassare,Ludovisi,"Rotonda Giampaolo, 38 Piano 6",Belluno,+39 082520847,jcomboni@example.com
90,Sandro,Savorgnan,"Rotonda Pisacane, 3 Appartamento 7",Padova,0501922008,ballasantino@example.net
91,Coriolano,Molesini,"Stretto Roccabonella, 36",Verona,33413365396,gelsominaruggeri@example.net
92,Mario,Onio,"Stretto Bandello, 27 Piano 0",Treviso,05497311547,poffredi@example.org
93,Fabio,Malaparte,"Canale Luria, 520",Belluno,034542912,spinellimatilda@example.org
94,Marcella,Roncalli,"Canale Galuppi, 7 Piano 7",Vicenza,048103235,broschimercedes@example.net
95,Fabio,Accardo,"Contrada Antonia, 243",Padova,3793913172,qaporti@example.net
96,Micheletto,Trobbiani,"Piazza Giradello, 72 Piano 7",Belluno,3779218259,ozichichi@example.com
97,Fedele,Tresoldi,"Piazza Raurica, 713 Appartamento 61",Belluno,+39 35206669440,calogeromaspero@example.com
98,Nico,Goldstein,"Rotonda Martina, 781 Appartamento 20",Vicenza,+39 3299374946,coardiramona@example.net
99,Enzio,Natta,"Viale Lina, 48",Vicenza,3517295331,vlovato@example.org
100,Ivo,Durante,"Canale Colletti, 12",Venezia,0165529207,mnicoletti@example.net
