CustomerID,PhoneNumber,Email,LastName,StreetAddress,City,StateProvidence,PostalCode
1,+39 0824900758,marissa18@example.org,Bottaro,"Rotonda Gianni, 32 Appartamento 8",Vallenoncello,AG,51100
2,+39 3777914866,gioachinofallaci@example.org,Palmisano,"Incrocio Ferdinando, 99 Piano 5",St.Walburg Ulte,BA,91015
3,+39 3515993289,dino88@example.net,Bianchi,"Piazza Ortolani, 11 Piano 7",Campore,MC,62028
4,0994477040,durante01@example.org,Capuana,"Viale Faggiani, 65",Puos D'Alpago,BT,63813
5,32906321236,albertoconte@example.org,Tosi,"Incrocio Mezzetta, 33",St. Georgen,FE,37126
6,0375401188,traviaenzo@example.net,Turci,"Viale Pierluigi, 160 Appartamento 85",Valmozzola Stazione,GR,86015
7,3894269901,draghiamico@example.org,Mascheroni,"Viale Telemaco, 40",Muzzano,TO,00066
8,096183723,pangiolello@example.org,Bonomo,"Strada Giustino, 463",Correggio,RO,74016
9,+39 33078180837,quasimodorosario@example.org,Mondadori,"Contrada Rastelli, 52",St.Sigmun,RE,67059
10,0131753405,gianmarco13@example.com,Zacco,"Via Annetta, 5",San Vito Sul Cesano,PA,21016
11,+39 04316696788,sismondiserafina@example.net,Soprano,"Piazza Caironi, 784",Longobucco,LO,48100
12,04459072022,tcurci@example.com,Mercadante,"Rotonda Gioele, 730 Piano 9",Rocchetta Cairo,UD,31033
13,+39 0861707537,silvestro49@example.org,Prada,"Via Flavio, 321 Appartamento 3",San Sebastiano Curon,SP,20059
14,+39 33189499450,roncalliranieri@example.net,Mennea,"Strada Donini, 0",Moia,SI,20142
15,+39 353345012,alessandrobarcaccia@example.org,Papetti,"Piazza Dossi, 28 Piano 1",Celle Di Macra,AN,80047
16,0362553436,ettore47@example.net,Donarelli,"Piazza Ruggieri, 4",Lama Di Reno,SV,20017
17,3660895681,vattimofabrizio@example.com,Tassoni,"Canale Romana, 31",Crissolo,RI,48034
18,052142883,rcomeriato@example.org,Casarin,"Stretto Iannelli, 55 Piano 9",San Pietro Di Cavarz,MO,07014
19,0332773902,luisaborsiere@example.net,Vismara,"Via Federico, 1",Pozzonovo,FE,42016
20,3772079931,polizziciro@example.com,Ruffini,"Incrocio Ermanno, 345",Bosaro,VT,03010
21,3605360755,leblancbenvenuto@example.net,Finzi,"Incrocio Filippa, 38",Larderia,MT,85036
22,+39 0345263130,gpuglisi@example.com,Zarlino,"Contrada Pizzamano, 82 Appartamento 4",Murano,RO,31014
23,+39 392876201,czito@example.org,Merisi,"Rotonda Ponti, 74 Appartamento 83",Tessano,SP,20148
24,3917584851,sattasole@example.com,Savorgnan,"Incrocio Gianfranco, 675 Appartamento 80",Spilamberto,VA,26832
25,+39 0365590306,graziellamontanari@example.com,Mortati,"Borgo Ruggero, 3 Piano 2",Pombia,SR,50013
26,+39 0363785930,donatocastiglione@example.net,Casellati,"Vicolo Montanelli, 243 Piano 3",Martone,CB,01100
27,03421425304,zmonte@example.org,Mondadori,"Vicolo Golino, 1",Magnonevolo,TE,60020
28,0789008193,hmocenigo@example.org,Cannizzaro,"Via Chiesa, 69",Banchette,MS,10151
29,+39 0585376741,piergiuseppefalier@example.net,Torricelli,"Contrada Spadafora, 525",Vallecrosia,SP,25073
30,+39 3900522248,wbrenna@example.com,Capecchi,"Canale Corrado, 10 Appartamento 3",Montegrosso Pian Lat,RM,73039
31,+39 3345641057,achille34@example.com,Baggio,"Canale Albertini, 16 Appartamento 8",Villa Del Foro,OG,23016
32,+39 35195619518,trentinmartino@example.org,Ferretti,"Rotonda Allegra, 135 Appartamento 36",Mazzin,VE,84091
33,+39 0883460684,caccioppolidamiano@example.net,Branciforte,"Piazza Giuseppina, 63",Fornace Crocicchio,CN,75024
34,05851734831,pinarapisardi@example.com,Mattarella,"Incrocio Sophia, 798 Appartamento 20",Busnago,VE,27023
35,33028674146,tonistovittorio@example.net,Migliaccio,"Via Monteverdi, 23 Piano 3",Boissano,MN,33050
36,3550795187,curatoliserafina@example.com,Ferragamo,"Contrada Ornella, 38 Piano 1",Fontanigorda,CE,37023
37,+39 3757018251,malaparteorazio@example.org,Rossetti,"Incrocio Gualtieri, 2 Piano 8",Ceranova,SP,74121
38,3501004940,zromano@example.com,Cundari,"Canale Luca, 47",San Matteo,RA,70029
39,0324615911,federica25@example.org,Bellini,"Contrada Foà, 69",Zenzalino,TA,25064
40,0932725883,bbazzi@example.net,Battaglia,"Incrocio Grisoni, 74",Ispani,KR,00199
41,016382576,baldassaretresoldi@example.net,Lovato,"Via Santino, 1 Appartamento 6",Milland,SP,42042
42,3350301862,zagurisimone@example.net,Antonacci,"Vicolo Mazzeo, 510 Piano 1",Domanins,VB,38062
43,0438512625,ruggero97@example.com,Orlando,"Borgo Ettore, 5",Carbonara Di Nola,FG,36054
44,361275188,rienzogiuliano@example.net,Antonacci,"Piazza Zola, 99 Piano 1",Campolattaro,GE,89057
45,+39 3973437082,griselda90@example.org,Pulci,"Canale Gianni, 48",Casasco D'Intelvi,CA,25125
46,+39 018569452,tsavorgnan@example.com,Oscuro,"Rotonda Alessandra, 482 Appartamento 7",Forcella,IS,00122
47,+39 3534360402,flombardo@example.org,Malatesta,"Borgo Saraceno, 7 Appartamento 31",Lajen,UD,86035
48,+39 0719201228,hugomodugno@example.org,Agazzi,"Stretto Galtarossa, 34",Braccagni,MB,14015
49,+39 07826422671,temistocle35@example.org,Altera,"Rotonda Fischetti, 91",Maierato,SR,57122
50,+39 0587813437,hugo89@example.com,Barzini,"Contrada Cesare, 7 Piano 1",Lillianes,BN,63088
51,+39 05730481470,ftomasini@example.org,Leoncavallo,"Stretto Augusto, 67 Piano 3",Celle Sul Rigo,TN,46033
52,+39 3755784181,pietro21@example.net,Brunelleschi,"Strada Ivo, 781 Appartamento 6",San Costantino Calab,TN,61030
53,+39 0883135677,zaccomarina@example.com,Casarin,"Piazza Silvestro, 29 Piano 7",Innerpfitsch,AG,64044
54,3533954892,leone94@example.org,Costalonga,"Incrocio Storladi, 95",Serso,CN,20129
55,+39 37011950803,impastatoalessio@example.net,Carullo,"Viale Arnaldo, 853",Majano,TS,51039
56,+39 09334014635,giuseppestorladi@example.org,Murialdo,"Piazza Ginesio, 698",Cepagatti,VA,06046
57,05326590054,gilbertovenditti@example.com,Soderini,"Incrocio Raffaele, 352",Volturino,VS,23841
58,+39 01657556062,marissa13@example.net,Mascagni,"Via Farnese, 127 Piano 1",Guastameroli,BZ,23032
59,+39 3920716819,oscotti@example.com,Giusti,"Canale Manuel, 4",San Macario,VS,04021
60,016102595,fedelemarcacci@example.net,Camiscione,"Contrada Cirillo, 0 Piano 6",Torre Garofoli,AO,41033
61,+39 3460744428,mlollobrigida@example.org,Montalti,"Vicolo Baldassare, 71 Piano 7",Masiano,GR,33099
62,3615502722,fabrizio61@example.com,Bottaro,"Contrada Ovadia, 44",Altipiani Di Arcinaz,BN,80050
63,+39 09417471269,dsagese@example.org,Falier,"Piazza Cecilia, 0 Piano 3",Aglietti,CO,80011
64,+39 048129879,psilvestri@example.net,Lussu,"Vicolo Eraldo, 389 Appartamento 2",Amica,FM,29027
65,3931057404,irma95@example.org,Barberini,"Stretto Forza, 88 Appartamento 61",Cartoceto,AO,20149
66,+39 096587846,lucia36@example.net,Zola,"Via Fiorenzo, 21",Poggio Di Bretta,FG,89062
67,+39 3550737132,hscarponi@example.com,Miniati,"Via Guidotti, 2 Piano 6",Fontanarossa Aereopo,OR,06040
68,0735586808,cileapriscilla@example.com,Tartaglia,"Piazza Giusti, 8",Antholz,LO,27035
69,+39 01637699627,anitatutino@example.org,Toso,"Canale Palumbo, 9",Corato,TN,48032
70,+39 3757058782,giovannatanzini@example.org,Berengario,"Contrada Leonardo, 28",Rottanova Di Cavarze,AN,15058
71,+39 04712867197,gmarconi@example.com,Gianvecchio,"Piazza Bianchini, 10 Appartamento 57",Rieti,PE,16010
72,04321430717,pchigi@example.net,Guarato,"Rotonda Caboto, 60 Piano 4",Empolitana,FM,47035
73,097544940,emilio74@example.net,Bernetti,"Rotonda Alberto, 13 Piano 9",Romana,CI,20814
74,0382851278,gualtieriguglielmo@example.com,Casellati,"Canale Gianluca, 54 Appartamento 95",Tirli,EN,63814
75,+39 058868566,emma71@example.com,Bonino,"Vicolo Maderna, 36",Offlaga,FC,70054
76,3881040746,mantegnaermenegildo@example.org,Zacchia,"Contrada Montanari, 6",Rodi' Milici,BT,45030
77,+39 0782624971,virginia31@example.com,Druso,"Contrada Costanzo, 54",Vico Nel Lazio,AG,42016
78,075091466,loredana08@example.com,Morgagni,"Rotonda Giampiero, 317",Rudiano,TN,27033
79,+39 0184018902,xchiesa@example.net,Troisi,"Vicolo Savorgnan, 56 Piano 1",Cesarolo,BA,14040
80,375649279,bartolomeogiovine@example.com,Monti,"Canale Gioacchino, 30 Appartamento 49",Villanova Di Camposa,LE,92028
81,+39 0444063200,ignazio94@example.net,Longhena,"Vicolo Maccanelli, 54",Piario,FM,01016
82,3757885932,curcicaterina@example.org,Modugno,"Borgo Campanella, 8",Abbadia Cerreto,RN,32034
83,094269930,espositorocco@example.com,Chittolini,"Rotonda Scamarcio, 54 Appartamento 94",Tufino,TS,89026
84,073203666,martinomontanariello@example.com,Canetta,"Stretto Necci, 8 Appartamento 12",San Costantino Alban,LE,84042
85,+39 01232495420,bgulotta@example.org,Mercadante,"Vicolo Canil, 78",Brusimpiano,SR,66033
86,+39 0893554907,fedeleventuri@example.com,Peano,"Piazza Iannotti, 92 Piano 1",Mandello Del Lario,SO,84022
87,+39 0771151309,giorgettidonatella@example.org,Vittadello,"Strada Tencalla, 96",Contrada Val D'Ega,FI,07026
88,04459256403,donatonigeronimo@example.net,Silvestri,"Canale Panfilo, 8",Igne,RC,87038
89,+39 0823597520,armando60@example.net,Meucci,"Canale Giovanni, 3 Appartamento 3",Arborea,AV,89052
90,04342363727,lilla41@example.org,Foconi,"Viale Mazzocchi, 4",Roncadello,SO,39014
91,0587186215,sbarbarostefania@example.org,Aporti,"Viale Lupo, 24 Appartamento 35",Pole,PN,60100
92,091353964,jolandalippomano@example.com,Lucarelli,"Incrocio Gradenigo, 938 Piano 3",Vallo Torinese,TS,27041
93,+39 0471725409,zlamborghini@example.org,Argurio,"Incrocio Letizia, 5",Casal Di Principe,AL,16031
94,3710274527,interminellibenedetto@example.net,Boccioni,"Piazza Orazio, 17",Botta,RE,86072
95,3974858957,filipparossellini@example.org,Barbarigo,"Stretto Papetti, 87",Caldarola,PZ,86095
96,0862802743,knibali@example.net,Comencini,"Via Filogamo, 18",Piedicavallo,BI,44027
97,0963874627,salvatorerinaldi@example.com,Battelli,"Rotonda Salvatore, 525",Scarperia,VT,20149
98,0165093415,fferrabosco@example.net,Monaco,"Borgo Calvo, 92 Appartamento 8",Castelvenere,AN,39044
99,+39 0198877975,imeldatasso@example.net,Petralli,"Stretto Fiorino, 35",Mezzenile,VI,10012
100,0975625885,filippa29@example.net,Goldstein,"Canale Giacomo, 217 Appartamento 3",Grado Pineta,AN,84046
101,+39 0549310104,rschiavo@example.com,Ortese,"Stretto Gioffre, 76",Burgos,CR,35022
102,0535921958,disderogiampaolo@example.net,Borzomì,"Contrada Gabbana, 5",Cazzano Sant'Andrea,FI,21010
103,+39 0575067526,vito82@example.com,Detti,"Incrocio Ferrucci, 78 Piano 0",Montecompatri,VC,16131
104,+39 38934881116,erapisardi@example.net,Pistoletto,"Stretto Giosuè, 482 Appartamento 0",Borgo Loreto,CT,52029
105,097574069,xponti@example.com,Petrocelli,"Via Cattaneo, 0",Borgo D'Ale,CA,19015
106,+39 05365679958,kpederiva@example.org,Gadda,"Canale Santino, 50",Montepescali,ME,30010
107,37110463970,torquatoboccherini@example.org,Pedrazzini,"Vicolo Lucciano, 21 Piano 9",Pellio Intelvi,RA,45012
108,08243757630,luiginagabba@example.com,Leonetti,"Vicolo Pietrangeli, 23 Appartamento 81",Manesseno,CO,29010
109,+39 0321457139,laura34@example.com,Panatta,"Piazza Nosiglia, 96 Piano 5",Rivanazzano,RA,28885
110,073328442,flavio96@example.com,Ludovisi,"Incrocio Maurilio, 865 Appartamento 8",Piani,PI,37125
111,012525442,benitolattuada@example.org,Marconi,"Incrocio Branciforte, 96 Piano 3",Borgo Lupo,PR,10082
112,+39 3835482695,fulviobova@example.net,Venturi,"Canale Prati, 75",Retegno,PZ,15017
113,3510474770,pomettagianmarco@example.com,Bandello,"Stretto Ziani, 476 Appartamento 26",Montevecchio,FR,40066
114,+39 01667545315,enzobignami@example.com,Dellucci,"Borgo Spinola, 71 Appartamento 9",Piano D'Api,AL,00142
115,012380373,orengoluca@example.org,Riccardi,"Incrocio Marissa, 68 Piano 5",Civo,UD,39026
116,+39 0795201282,mercadantealfio@example.com,Riccati,"Borgo Maria, 16",Sospiro,FC,98044
117,0962996545,ivan30@example.com,Zoppetto,"Viale Fiamma, 73",Sturla,OR,31020
118,37733578727,fedele20@example.com,Sinisi,"Rotonda Cuzzocrea, 54",Peio,ME,05018
119,05053841030,npratesi@example.org,Mazzi,"Contrada Berenice, 34 Appartamento 39",Riva Di Vallarsa,TA,98126
120,+39 37777469320,mpavarotti@example.net,Serlupi,"Contrada Antonino, 92",Schleis,MN,55100
121,3368661592,leopardielladio@example.org,Marrone,"Viale Pomponio, 197 Appartamento 30",Montecarlo,MI,37022
122,0572241452,toldolucrezia@example.org,Franceschi,"Viale Argentero, 92",Madonna Della Stella,FE,62038
123,052298307,fortunata03@example.net,Bossi,"Strada Bassi, 55",Fusaro,LU,20836
124,0185660331,bmorandi@example.net,Correr,"Via Pomponio, 1 Appartamento 3",Triggianello,SO,27037
125,03455722437,zanazzoelmo@example.org,Ziani,"Via Bignami, 577",Poggio San Lorenzo,CR,12042
126,+39 0795585513,mmonteverdi@example.org,Mondadori,"Rotonda Moschino, 7 Appartamento 0",Costigliole Saluzzo,CO,33099
127,044425857,dina43@example.com,Tutino,"Vicolo Tiziana, 63",Pascomonti,NU,41021
128,+39 38527630420,idaparmitano@example.com,Castellitto,"Stretto Dolores, 591",Eremo Sant'Anna,BN,67051
129,+39 0881582064,villadicaniromeo@example.com,Gonzaga,"Contrada Sergius, 0",Anguillara Veneta,EN,57039
130,3473368096,mercatigemma@example.com,Agostinelli,"Via Piergiorgio, 74 Appartamento 7",Latzfons,ME,39055
131,0125254662,paride53@example.net,Saffi,"Rotonda Bonaventura, 34 Piano 9",Loreggiola,LE,10082
132,+39 39241730368,gianna89@example.com,Battelli,"Incrocio Palombi, 926",Campese,CO,40023
133,+39 0341978615,serafina41@example.net,Nordio,"Viale Fernanda, 429 Piano 5",Scrio',VR,37067
134,+39 37768014900,murialdobianca@example.com,Agostini,"Vicolo Rita, 383",Centenaro,GR,10067
135,+39 34540650576,enzio65@example.net,Mascagni,"Via Bataglia, 53 Appartamento 4",Portalbera,KR,14030
136,+39 37156205087,massimopertile@example.org,Acerbi,"Strada Fiorenzo, 1 Appartamento 4",Cardedu,CA,54028
137,3908047138,doloresmascagni@example.net,Amato,"Incrocio Prada, 9",Spongano,MN,82034
138,+39 0765581662,gcapuana@example.org,Fusani,"Canale Rusticucci, 14",Refrontolo,VS,37021
139,3783783111,sgarbimargherita@example.org,Ruggeri,"Contrada Loretta, 98 Piano 8",Galatro,PV,31040
140,012369132,cesare57@example.net,Nicolini,"Piazza Ottavio, 82 Piano 9",Gorzegno,SI,24013
141,+39 0549189065,monteverdialessandra@example.net,Righi,"Rotonda Jolanda, 7",Fontainemore,PI,13030
142,+39 0553925183,laura61@example.com,Mercantini,"Vicolo Benito, 255",Castelmonte,LC,25059
143,+39 0909521662,versacepierina@example.com,Tarchetti,"Stretto Rosalia, 892",Lagrimone,IS,10094
144,0165380821,giosue19@example.org,Ceschi,"Rotonda Vincentio, 9",Travesio,SI,41022
145,01948626321,gabrielepucci@example.com,Giannetti,"Incrocio Foscari, 699 Piano 8",Galliano,OR,98158
146,0187260743,ostinellivirgilio@example.com,Mattarella,"Incrocio Offredi, 22 Piano 4",Aurisina,AL,52020
147,3534971512,martacanali@example.org,Carocci,"Canale Raimondo, 49 Piano 0",Orezzoli,MN,57020
148,048103235,broschimercedes@example.net,Detti,"Borgo Gloria, 429",Querceto,KR,12079
149,+39 04291727208,ruggero03@example.com,Cusano,"Incrocio Taliercio, 4",Ripabianca Tressanti,LT,20036
150,+39 07339428405,simonettalucarelli@example.com,Sobrero,"Strada Nanni, 79",Castelvisconti,PZ,20059
151,0506031945,wgovoni@example.net,Turrini,"Rotonda Pierluigi, 7 Piano 1",Telti,TS,25050
152,339494662,ramonanatta@example.org,Doria,"Canale Imelda, 34 Piano 3",Sirai,RN,89128
153,034164534,ccolletti@example.org,Cainero,"Vicolo Puccio, 5 Appartamento 26",Vilpiano,PN,12078
154,+39 35151279085,giorgia24@example.net,Moneta,"Incrocio Fischetti, 75 Appartamento 5",Boschi Sant'Anna,FR,00172
155,+39 042390204,vscalera@example.org,Santorio,"Borgo Ferraris, 23 Piano 3",Goni,PR,09036
156,+39 3271602267,matildaberlusconi@example.org,Agazzi,"Canale Doria, 61 Piano 3",Molina Di Ledro,OT,24046
157,+39 0942137653,amleto61@example.com,Zaccardo,"Borgo Enrico, 0 Appartamento 87",San Giacomo Di Boves,LE,58100
158,+39 042518485,ludovicozaccagnini@example.net,Giorgetti,"Vicolo Chiara, 879 Piano 2",Montecalvo Irpino,SI,19133
159,3509358292,erinaldi@example.org,Bresciani,"Canale Miniati, 44",Albisola Superiore,CS,60021
160,349158879,rosaliabalotelli@example.com,Fantoni,"Contrada Mirko, 53",Stipes,BA,31021
161,+39 35014628924,wmalatesta@example.com,Pasolini,"Stretto Traversa, 40 Appartamento 24",Zane',PO,26012
162,+39 0412383266,giuseppina54@example.com,Chigi,"Contrada Mariano, 122 Piano 6",Borgata Ottavia,CL,63851
163,+39 3791503828,hmorellato@example.org,Foà,"Via Torquato, 43",Monfallito,PV,08036
164,+39 031372126,saveriomastroianni@example.com,Sinisi,"Strada Amleto, 6",Cibiana Di Cadore,CI,28868
165,0426515895,lnonis@example.com,Borromini,"Canale Stefani, 30",Novale,PE,61038
166,0736966597,coardipompeo@example.net,Bresciani,"Vicolo Greco, 785 Appartamento 93",Collegiove,MO,37139
167,+39 016334400,sonninotiziana@example.net,Guidone,"Incrocio Margherita, 12 Appartamento 53",Serra San Quirico,TR,28897
168,+39 0731860361,luisamazzi@example.org,Dulbecco,"Borgo Segrè, 7",Piedimonte Etneo,CE,52047
169,+39 35178185258,alderanomajewski@example.net,Montanelli,"Vicolo Carlo, 3",Cornale,NA,46034
170,+39 0554845063,mparuta@example.org,Segrè,"Vicolo Abatantuono, 847",Quercioli,AT,45026
171,+39 33411469900,bstoppani@example.org,Cagnotto,"Strada Raffaello, 42 Appartamento 69",Serrada Di Folgaria,PE,00183
172,+39 05846240196,wcostanzi@example.com,Casadei,"Strada Gian, 420",Marola,FR,84096
173,059534483,stoppanidonato@example.org,Tozzo,"Vicolo Moschino, 599",Monte Guidi,UD,20847
174,+39 0835037698,zcavalcanti@example.net,Vitturi,"Rotonda Fabrizia, 9 Appartamento 0",Vasto,RA,08035
175,+39 03733386884,lurianicoletta@example.net,Accardo,"Via Armando, 378",Rovellasca,BA,31014
176,+39 014147131,ubertocutuli@example.net,Giolitti,"Strada Annibale, 88",Badia A Ripoli,PC,25011
177,+39 0541351612,massimilianomusatti@example.net,Turci,"Incrocio Elena, 58",Sant'Angelo In Colle,PV,22042
178,337547243,carfagnaromina@example.com,Chiaramonte,"Vicolo Stella, 8 Appartamento 9",Villabate,RE,06046
179,0564949785,mleblanc@example.net,Donarelli,"Incrocio Marisa, 552 Appartamento 56",Calatabiano,VS,28865
180,+39 09415688193,collodiletizia@example.org,Calbo,"Incrocio Ortolani, 797",Vejano,AL,11024
181,+39 351832473,ornella82@example.net,Boccioni,"Incrocio Alderano, 71",Piano,LI,00154
182,+39 08329799125,noffredi@example.com,Barzini,"Piazza Verga, 9 Piano 4",Clivio,VT,10083
183,09323519233,ivan59@example.net,Aldobrandi,"Strada Atenulf, 847",Saguedo,BI,66041
184,331644846,tamburipiergiorgio@example.net,Conte,"Strada Pierangelo, 96",Ciamprisco,TA,15017
185,3791115162,emomario@example.com,Mattarella,"Rotonda Achille, 125",Ceggia,GO,13038
186,0324076857,sbasso@example.org,Tedesco,"Piazza Roth, 267 Appartamento 55",Stienta,KR,50133
187,+39 036509983,scialpigino@example.org,Virgilio,"Incrocio Michele, 53",Istia D'Ombrone,CZ,00068
188,0585829770,lorenzobaglioni@example.com,Bandello,"Via Campano, 98 Appartamento 57",Cantiere,LE,15051
189,351308036,giansilvestri@example.net,Sismondi,"Vicolo Lidia, 50 Appartamento 78",Santuario Di Pietrac,BO,60038
190,+39 375632865,bcuda@example.net,Ferrante,"Canale Mondadori, 498 Appartamento 7",Valtina,AP,35037
191,0315356643,serafinapizziol@example.com,Giusti,"Rotonda Abatantuono, 42",Romanengo,BA,08044
192,3444337029,federicoludovico@example.com,Marinetti,"Canale Cassandra, 22",Strevi,ME,63081
193,+39 0342909233,infantinovincenza@example.net,Iacobucci,"Canale Jacopo, 291",Torre De' Roveri,CI,24048
194,+39 05054532735,eraldotrillini@example.com,Benedetti,"Canale Evangelista, 1 Appartamento 90",Vomero,LE,85014
195,373940044,gioachinomarrone@example.org,Ferrante,"Viale Gianmarco, 720",Formigliana,FG,10132
196,+39 050488978,adinolfigiulietta@example.com,Aulenti,"Piazza Zola, 60 Appartamento 73",Monte San Pietro,PA,18016
197,0322232496,achille20@example.com,Interminelli,"Rotonda Riccati, 21",Vinchiaturo,AT,25121
198,3713524014,matteo13@example.com,Caffarelli,"Incrocio Vito, 373",Laces,TP,80074
199,+39 0103749526,suriangiacomo@example.com,Cristoforetti,"Contrada Guarino, 51",Pomaro Monferrato,BL,10040
200,+39 042253782,pasqualguidotti@example.org,Asprucci,"Piazza Gianfrancesco, 711 Appartamento 8",Siderno Marina,RM,24026
