EmployeeID,FirstName,LastName
1,Piermaria,Alonzi
2,Pierina,Mancini
3,Silvia,Pacetti
4,Fulvio,Jovinelli
5,Annunziata,Roero
6,Ernesto,Palombi
7,Delfino,Rinaldi
8,Giulio,Zanazzo
9,Eliana,Druso
10,Daria,Virgilio
11,Flavio,Nonis
12,Loredana,Burcardo
13,Virgilio,Pometta
14,Bettina,Terragni
15,Fabio,Comolli
16,Geronimo,Bosio
17,Franco,Mortati
18,Ludovico,Ariosto
19,Roman,Morosini
20,Alfredo,Tonisto
21,Graziella,Prada
22,Adamo,Alboni
23,Francesca,Dallap√©
24,Marta,Endrizzi
25,Ivan,Calbo
26,Fiamma,Porzio
27,Coriolano,Faggiani
28,Loredana,Panicucci
29,Gianpaolo,Trevisan
30,Cassandra,Monicelli
31,Ornella,Bartoli
32,Gianni,Casarin
33,Tatiana,Tarchetti
34,Giampiero,Vittadello
35,Gemma,Fantoni
36,Girolamo,Ritacca
37,Ugolino,Cesaroni
38,Ansaldo,Dallara
39,Leone,Aloisio
40,Enzio,Giacconi
41,Maurizio,Vattimo
42,Massimo,Crispi
43,Orlando,Moccia
44,Alberico,Benedetti
45,Augusto,Russo
46,Bernardo,Pedrazzini
47,Nicoletta,Errani
48,Milena,Amato
49,Martina,Pacelli
50,Giampiero,Toscani
