UserInfoID,CityID,FirstName,LastName,BirthDate,Email,PhoneNumber,Password,IsDeleted
1,1,Eugenia,Caracciolo,2001-06-04,leonegioele@example.org,+39 345181960,$2b$04$Kjfw3EfsSzqDBapGA4IgjOLWSJ0v/Zk0l9BtXng96sw/lbJEuwS22,0
2,1,Giustino,Battaglia,1996-06-20,hvalguarnera@example.com,+39 093249593,$2b$04$KcI..JCWfykd/nUDKpT8ZuIWG0c9FzoSQl/KUkTtYFu0n3I/Aj25.,0
3,1,Gioele,Dalla,1993-09-04,rparisi@example.net,NULL,$2b$04$0Rmd1Av1QrUYMPnPqPjMa.4CoevLFYbnYxh1V4q1o6QcnWOEn43FS,0
4,2,Elladio,Gradenigo,2005-09-10,ludovica96@example.net,NULL,$2b$04$8ejEtbP.J/QWRGoqJJcOeeQnY7Itp1MmZOgZMdBznzILuC69qNOHG,0
5,3,Giuliana,Valier,1996-10-07,marissa51@example.com,0375704828,$2b$04$nKV60hYW6xyjZxz1NEGlbeTKqsizU8Wh5AGSJFeZtv3IjxopmnRZm,0
6,1,Patrizia,Bompiani,2000-05-03,dionigisiffredi@example.net,NULL,$2b$04$IeNn.0VlptiXM7Gxvc1FL.uL1GnpcnRDa35ABHINk3M7hxFqrT7R2,0
7,1,Gianmarco,Galuppi,1995-05-15,bondumierisabella@example.net,+39 0445105187,$2b$04$ohvU1CRsc970dFa9sD0iK.Rimu3Y8OaoqKgHYq79E13H2UjGA6/86,0
8,2,Lilla,Morlacchi,2002-06-12,grassofredo@example.org,0364624738,$2b$04$t798iZcp/gAOaJXhfB.9LeNRFE59/0Jn.1akYRqzM8d076BrTVkPq,0
9,2,Lisa,Vivaldi,2005-10-21,mcostanzi@example.com,+39 377909805,$2b$04$iV3qFSnZdZgFUE8vHD4Q6OiuicIXxYz5ljCSTob/xQ7CnzMTLIr3i,0
10,3,Luchino,Gulotta,2000-03-15,gemmamazzocchi@example.org,0732247519,$2b$04$kk1g1/LwE7FmH87pG.oeWOHCELmy1xkEF8jK3Cbf4is.6vlWAd4dq,0
11,3,Francesca,Cammarata,1990-04-22,giustinocarpaccio@example.org,+39 05324935384,$2b$04$gc.5DwX1N.OsKBv50VNFKeVPOIrQwL38.kQMZFEd69sxleQkzhyDK,0
12,1,Berenice,Viola,2000-01-26,puccioceravolo@example.org,05870533189,$2b$04$i4UNTMC7i0vLVABMU6Z.teIvxmatrnodzBod6awu1cAWbvWucqAPq,0
13,2,Gianfrancesco,Filippelli,2005-04-19,tnibali@example.org,NULL,$2b$04$obuBiUUXG2i4RaTWm1yiz.uda1e6m3SsCIfO1iDvSQ51XK7YiTgki,0
14,2,Cassandra,Rizzo,2001-11-16,lina56@example.net,+39 0719340606,$2b$04$3NGXE/G6aM3AtE5DqAvNkOzLlj9Fy8fADqMSOmkpuwjlaNm3s8lTG,0
15,3,Allegra,Abatantuono,1993-03-09,ivan36@example.net,0797738728,$2b$04$3sp.uNVubmb82xQsLRMjXO7B2d6/d2KAMqyKCU4NKPbe3uvXKdd5.,0
16,3,Pasqual,Gori,1990-09-09,filippaajello@example.org,043828708,$2b$04$4bfpLO7.tUvcbaElwXR4ZOL49qDd3qwNOpe4NSAiv0nVSJJkBMAbe,0
17,2,Guido,Tremonti,1995-06-08,rgiovine@example.com,NULL,$2b$04$16nOoCxG5Y3MbqOn9Du67.nSXHJvKl9I78CzPLqrUI7OoLGCuS8Om,0
18,1,Simonetta,Parpinel,1991-08-03,walbertini@example.com,35336889336,$2b$04$4kkmYsZUbQqWwUE9ts4sluEDaG5kooqFsiR7tFMcHPn5A8ght6dwC,0
19,1,Nino,Monaco,2003-11-06,rodolfomolesini@example.com,0536641703,$2b$04$8UTjFdQGbrHsV0BM0OLSPOozxxmAHKmpOZ3Bvj3prSku4U4yyOaqy,0
20,2,Lorenzo,Cannizzaro,2005-07-13,mazzacuratiaria@example.net,0732319319,$2b$04$qsiPmIyTxoVVVytQhln9BeKKCiuarE7yCkI8e7CmGm5eS5kJHSqFC,0
21,2,Dina,Varano,1991-05-18,bscarpetta@example.net,NULL,$2b$04$Z.8PXDXHjz9byyHpItuslunXIASUK4nvZoM5cQ0GhAOckyqPsWsuy,0
22,1,Tiziana,Leopardi,2004-11-18,traettafranco@example.org,+39 3416783770,$2b$04$0EGCWrVznveCydHwPJbe7eoHktCwjq9TAIQVs5BOGZdBr7yB3UbAK,0
23,3,Mariana,Fantini,1997-02-10,giampierosorrentino@example.com,0331343520,$2b$04$4zOwe5nTJ4KTEXN0mGWPROF296mBmuq7fnny2wVgB2nuGAVvyGo/u,0
24,2,Elisa,Bernetti,2007-12-24,enziozanichelli@example.com,+39 0491869997,$2b$04$qmPk6WOfWG99N.SOtcw/3.sp/kHGt8AHXM9SGkusGP5k4vmj4dFbW,0
25,3,Amedeo,Giannelli,2002-09-04,isa47@example.org,NULL,$2b$04$fURI9TGcPn6k5sjdo9Frq.H988vgcvYt/i6MHj548M0H7eeQOV026,0
26,2,Ruggero,Marenzio,1991-10-07,glanfranchi@example.net,0774190650,$2b$04$sF1ayDaNCMX8RHu.T.SIIOUpmgxbRP4tlhQBXbqavseHPHiKZ.pKm,0
27,1,Mariano,Micheletti,1990-09-01,curielmarcello@example.com,05436807141,$2b$04$zRXev60lsW3iyKL5I/PQjOVeiDt1Gv8bleUMgfAIDNxkMD0X/BinO,0
28,2,Concetta,Giradello,2007-02-12,lorenzovigorelli@example.org,NULL,$2b$04$bBaLXxcSxXphVyfeCW.NNuLfdSBVqOkIeYXXdaq96WcStyE07z4ka,0
29,2,Caterina,Tomasetti,2000-01-08,stefanibonanno@example.com,NULL,$2b$04$tHfEVwmM/uXHkloG82flle3JC25eI6nn2segKW2uvbFiuu8n6jbBK,0
30,1,Oreste,Giannotti,2005-12-16,ubattelli@example.net,NULL,$2b$04$517JzdcUNvckPv.jBsqbquPWPJyio0S9n2Kzr6VQo9gw9YnSR04Ce,0
31,3,Ruggiero,Iannuzzi,2003-03-22,eleanora61@example.com,377257809,$2b$04$EfBgPecHHaawnjlEcWXDWeog4B3DfjI5H8Uhjffh5N0upcahmJBlm,0
32,3,Giuliana,Errigo,2002-05-17,federicobosurgi@example.net,NULL,$2b$04$R1hDcwDpDo5gf7R5LCFkp.RCtIusNGkkG6w0fBzGMjTL/kTxb3jnu,0
33,2,Graziella,Greggio,2001-09-25,mmarangoni@example.com,0341369594,$2b$04$pE1TTDvKlYu7qjUuHBjpA.sbNLZpTHIC.EaiRPJQnujTlE9Z.HmgG,0
34,1,Marisa,Ciani,1998-07-22,barraccolodovico@example.com,+39 0942521452,$2b$04$TkJSUKux/hgi/7CRSAGtiOjcuqiN25.B.EhyJkhfgpyMpkhCRhnHG,0
35,2,Rossana,Volterra,1991-08-04,carlo60@example.com,+39 078354965,$2b$04$yMZpgYb5acJMnH91cyqfzexbhNVtjom0NwfhJNjnpBggAs6WIIcrW,0
36,1,Rodolfo,Pagliaro,1997-01-19,acostalonga@example.net,+39 37777964037,$2b$04$gzILxo9h69jQDf8xakwGbe2LR/KHkFAOR0aBOzTFLDFvmQjVWMnDa,0
37,3,Michela,Zeffirelli,2000-01-03,bartolomeovismara@example.org,+39 393352904,$2b$04$0BkVc3sttfqXNVQ2wBYRguAbwZNVsEVgKIJHdou8.IQVLrizJCZ.a,0
38,1,Corrado,Salvo,2000-02-02,dianabattaglia@example.net,NULL,$2b$04$w0RUMQXr8dHAiO.yVV3ZDe.GLtKD7VdX6PhBGstZVy.Px4vksPrM2,0
39,1,Manuel,Parri,1991-04-09,rodolfo89@example.com,+39 38818367356,$2b$04$xn2s7Y7Jwxkr1FPlE6DXSe.vGGZ0CQsme63EbEZRqdTzQIKryp9oK,0
40,1,Piergiorgio,Nitto,1990-03-24,sbergoglio@example.net,NULL,$2b$04$Bc8CPVANr3BjwzkMQP88HuaTtyWsRebbzJ7rCymRLH2XjAis6lAhW,0
41,3,Concetta,Interminei,1992-04-26,espositoguarino@example.net,3780550221,$2b$04$j3.Cr8kF4hjfq5hcYIzeeekjS8b8NwOzoyNtVmeQVD5QZIPrBtRfi,0
42,2,Pietro,Spanevello,2001-02-04,rporzio@example.org,+39 0578614970,$2b$04$slNLX0EHUgd3bExr2qeJAe1n8s6bf/YbDbv8NPew9Zm25gxQj/xZ2,0
43,2,Sophia,Basso,1994-07-15,dantonini@example.org,NULL,$2b$04$HcD0ZPJXVOvH5lKzgwJigOWpGb6dV40JYoGJ/rEnGESMHu1s9RuPG,0
44,1,Paolo,Mastroianni,2004-01-13,gianfrancesco52@example.org,+39 089835523,$2b$04$Laf0Jc5JVTsmvSPXi2W/Yu17hTLOlN07rQa0d8Q84tWmaCFay.Pb6,0
45,1,Baldassare,Scotto,2000-04-07,ymarcacci@example.com,+39 058481477,$2b$04$mxD7QiY.et2aDcYOLpoBkueXkPkznq5d4lhnkTdkUphJV9/3w2MLe,0
46,1,Roberto,Camiscione,1994-03-09,laura18@example.net,+39 0163377885,$2b$04$0h3Bvwa53ngo8/rErv3YZuQQXiv0vQIBSc8Y.rR3d3mFwUagpe9ce,0
47,1,Elmo,Nibali,1993-09-04,filippa62@example.net,+39 0564865288,$2b$04$LJTGTxj/hx8VLa8nsuF6Aex8H0CFDgnX0OKRCN3X5d0fbVeur3nkm,0
48,3,Donatello,Paolini,2007-02-25,ettorefabbri@example.net,NULL,$2b$04$AMf.G3n1lwgZOfF1I.ei/.mRj6uGsbH9rsDn6UMXEv5/89CjQ5y6O,0
49,1,Ranieri,Scalfaro,1994-08-16,melania68@example.net,3779239245,$2b$04$6IRbxSRVqPRCZbsvYANFYutaJvEmCteDnbkDYZadVtjTUOySCqtju,0
50,2,Gianpietro,Pavone,2006-03-13,panattagianfranco@example.org,3760152207,$2b$04$49y1OyCpquJSuDQ5q5RRpOFbFAS4fao//EU7tNLer9joRBdgGVcpi,0
51,2,Alderano,Totino,1999-08-10,letiziacolletti@example.com,0109539621,$2b$04$lTar1mm90atoqOiU5FZRgu3P4Lz3dyOtZQEuS55.4lU8FKRfsn5oi,0
52,3,Antonello,Niggli,1990-11-23,paoletta27@example.net,3516221703,$2b$04$BNObejBstWvh/C/uU7njMOEpLDas/R8GCvLHAah4v0tf40C./JhRC,0
53,1,Flavio,Tamburello,1998-04-02,zpace@example.net,3901616925,$2b$04$Lr7ljIfij5w1tqF0kW9rEOjSvA5Uea.3LdViD4lM4w7NY.qhKaeGW,0
54,3,Ubaldo,Curatoli,2006-12-11,coccisandra@example.net,015213556,$2b$04$8wNL86GIPxRXSdk1T0LTleGHy7cVIVGA.XvQ4XdQz7cyqmqudKeI.,0
55,3,Daria,Lucchesi,1992-09-28,hfilippini@example.org,+39 0782271554,$2b$04$yfD3SOwzsH2SA2R0WGtcO.wPvVPojKqywngsanJxhy71rH7NgoJtG,0
56,1,Vincentio,Polani,1991-02-28,iborgia@example.com,+39 078278528,$2b$04$zzrIFzofy4ZP8lon2OboLugPerDnJ3CEpNce9CGk/XzTz/jjJwh52,0
57,3,Carmelo,Tedesco,2005-11-28,carlacossiga@example.org,37039001039,$2b$04$Pykl2.zY2lHy22g4StVYY.YfjjfZzDptzTk9ql0xV4fFldR/t7oKK,0
58,1,Domenico,Paganini,2000-10-20,meuccigioacchino@example.com,+39 05237321063,$2b$04$vU.UVuozutysv63ayVk/NeD4BsanS6tfa38/99jUrriB.lNvGdBKa,0
59,1,Tonia,Segrè,1994-11-19,adelasia01@example.com,+39 3792456500,$2b$04$hJKcsRlNL7ML/Ok56NCqjunm/jud6D7dIw81x/kuhU5Rsyc5Q.cY2,0
60,2,Pasquale,Tartini,1999-04-22,beccariaangelo@example.org,3907872989,$2b$04$kB0qoiu4apnEkJb1Q5ZuEuQtQN1jsYPiEJ4sv7pKoIgWDFKaDf7qm,0
61,1,Salvatore,Impastato,1999-07-05,liciabergoglio@example.net,039896230,$2b$04$0Unu6sYwxMTFJhP7bfr41OatGpld8TtWi.ZPRMq10zRkddxubXrmu,0
62,2,Romeo,Tuzzolino,1993-06-25,alina54@example.net,NULL,$2b$04$NjAYBZSv1WGAusYBlnqyeuAnQaOtl9.2gYPnCtXZ.E4ggvD7dYwQi,0
63,1,Nino,Peruzzi,1993-10-19,martina24@example.org,NULL,$2b$04$nw992fY7q6KI58dvxf3Q6en7/tbvtL1nD284I8Q9lPgO6H8Lg9MAm,0
64,1,Piergiuseppe,Montalcini,1990-04-17,rcallegari@example.org,+39 3776826775,$2b$04$F3Znko9coMJBcnbhwsYNYOKptsoBL6m2NBl9BHijOcD7dTEFhYrou,0
65,2,Agnolo,Mancini,2005-04-12,montiippazio@example.com,3501287432,$2b$04$jJD/ifvKZNKvx0klV833GOqpoA7LEzkAhhRq2KkESwoU0WVvEgsY.,0
66,2,Gionata,Alboni,1990-12-10,oreste37@example.com,054999045,$2b$04$Qy51U4wr2b5R.k2tc5KSweXTZtiFKWkAZLvUY8hTI0YgC2FY.o.eK,0
67,3,Pierluigi,Vezzali,1991-01-22,zvalmarana@example.net,NULL,$2b$04$92GDd3ihJ8ZPDEboh24Ns.FbKjkGn6ZB8MzaeNzgUiJn.UePnfZb.,0
68,2,Geronimo,Stefanelli,2004-03-09,tonistoriccardo@example.org,0362867904,$2b$04$LG1hha7oYjPp90Oa1uF6QOYT91HYrLCiWHb4v0Y3u1.zSF1AX/3za,0
69,1,Victoria,Pasolini,1990-03-09,ypapafava@example.org,+39 331512868,$2b$04$CktWD5Piw7XDJmmGFfE.xuY3/q0IXbw5kk35C0NPz6CBlyYxiZOc2,0
70,1,Amico,Sabbatini,1997-04-22,gottilucia@example.org,07743830239,$2b$04$9KVdam06WQI6wQYnsuP9eekWcOklh52tH.4A8Vl/FhhyfZugM5aHy,0
71,2,Lucio,Pratesi,1991-08-09,tcontarini@example.com,NULL,$2b$04$bOpkUWiK187NuMXDZXYWTekhUgYRoFYAxcX3Ajcl4kbHkrbyY2xtW,0
72,1,Lidia,Federici,2005-11-14,inzaghinicolo@example.net,NULL,$2b$04$MqsoDnig8Vbx12bU8ZnfNeyGyx7i9YsQPXRvLuIOhbchQxeSeMO1C,0
73,1,Irma,Fittipaldi,2007-06-25,jgiradello@example.com,0707854457,$2b$04$D6iuBMbFDpZfZFguDiCLKuEq0hZlUyHzOK0Ze0phwjTtGWAfLy5uW,0
74,2,Amalia,Moresi,2002-12-15,mariana77@example.com,+39 344522872,$2b$04$hsDdtOv4jU.xZvqAphpZI.F79RR26373p/CqeS2jX34Q12/jqjURe,0
75,2,Guglielmo,Valentino,1990-01-04,alderano86@example.org,+39 37801823356,$2b$04$cTi4ylya7exciZAP7UjVyO18EzmXIdOUDDsoyQaGaM.WBRGM8sK5C,0
76,3,Telemaco,Ritacca,2003-09-02,annunziata18@example.org,NULL,$2b$04$mVOTZMh1KCSxWtCfqiSYoOdomZG4BfgCSqegl25WCvqTFRCXzexMa,0
77,3,Ettore,Zarlino,1990-03-14,antonellapellegrini@example.net,0712185013,$2b$04$kLwHG5t9ERu7/JdDGKIfru/eu2KY1rHAVnsqNlIhsN6WVkd5V9ZMO,0
78,2,Laura,Borghese,1996-01-12,interminellieraldo@example.com,+39 34665511074,$2b$04$dZmpQ8X/BSqRDmGWbzrVJeRJIXR5L8zze9WaKl5eKeLq370jzrc2a,0
79,1,Umberto,Donarelli,2004-06-25,idonarelli@example.com,05237212667,$2b$04$7uaEK577jWXVcmMVqxuoPOGFgLTVFhk1yTHaYWTaF2zFLTGaSDOEG,0
80,2,Ludovico,Filzi,2003-04-28,lmazzocchi@example.com,05447935661,$2b$04$nlwvRIg593pTsnNK42AO/.mkO/N1rYeBci1biVGYWG4Om12j3AgJy,0
81,1,Giosuè,Cossiga,1994-01-06,epaolucci@example.com,0956886808,$2b$04$/rWS1BL2tKWZ6iyjdHVvsut4zqmkxjj6.juo4EOdDTykvo4RqyjyG,0
82,2,Riccardo,Palumbo,1994-11-28,xscaramucci@example.net,+39 057807146,$2b$04$XPGjfPCI9kd5FiWsNqI9de2pY03D6iFG8aVLUPd/71wTV8u2rK9By,0
83,1,Gioachino,Tozzi,1999-03-26,amandacuratoli@example.com,3774736226,$2b$04$7UcZxrEv0koXXRkDgIDAwOl6aZEO83Q/2wQHrqH8rN69QT9Z668iy,0
84,2,Eugenia,Mazzi,2006-08-08,lperini@example.org,058479249,$2b$04$gb7xbRzuEOqpYBdfLM.kMuWTpWK.JpCyTM8XRqtiIH7w9naj5qFjS,0
85,2,Rosaria,Salvemini,1996-05-27,oliboniagnolo@example.com,+39 04246887667,$2b$04$NNf.8G/kaMocPAIihy.tm.7zwTpiOsgbOjhaS91P3ljYe/e4owKP2,0
86,1,Ranieri,Vergassola,2000-01-22,pietrocamicione@example.net,+39 0547074511,$2b$04$4I46mHv.4VpHNpnrRtJoKO00l6wqGrOpvzJwv6M0l9/EU3P7zA7JW,0
87,2,Patrizia,Caetani,1999-02-25,luisapolesel@example.org,3756223257,$2b$04$.yUbxtFIdNoTENXDMEQHt.U87olsI97jOsNx89FRl7YcWncFxLgiy,0
88,3,Gabriella,Odescalchi,1991-07-22,udinesiparide@example.org,NULL,$2b$04$N.U9XIcb6Qug/g1w8vsPie1FOACdSJuKEQ/QDVF9XDPV7HIomiC.i,0
89,3,Gaspare,Cherubini,1997-01-04,ermes41@example.net,NULL,$2b$04$WZ6sH0i3rV7qwfJO2bV69uuqavVMKrGrB.12t1O//1MhlRdeNDrAW,0
90,2,Agnolo,Munari,2002-10-09,querinigriselda@example.org,0193611154,$2b$04$JCma55S7Rp6i8xYPLwbLue7MgA4yADWyHLM/w13UJIwaM6hd/3lw.,0
91,3,Oreste,Nicolucci,1994-06-24,ymedici@example.org,+39 05351389903,$2b$04$UMEiutjeiGKB66eq0xHp6O5d5R8XcU3pz8ofRqFZ0Hyl76pABeUfO,0
92,2,Pierpaolo,Ossola,1991-02-13,marianasemitecolo@example.org,NULL,$2b$04$wGBKbRAT/ZUxHXalRv9RmOe6hR110w95H2Bdd4gonvkn1URjrG.b2,0
93,1,Ornella,Cremonesi,1999-01-23,ottone91@example.com,3433031619,$2b$04$5EZDgjRSNKTKj9zpnNyIou/Te4PtaQaaZcr/spmO0rwhwQ/lxppM6,0
94,3,Venancio,Boccaccio,1990-11-24,lara91@example.com,NULL,$2b$04$ACmDziQtcTOgty/6Mih93.V7KxSrAkI8SS/svXCdURIB3gdYEQbaC,0
95,3,Ferdinando,Barberini,2001-06-14,ugarzoni@example.org,382541951,$2b$04$pfWl4C8ohFEdL7KndRASGeWFT4vLyQVhIQ1JPGaN0i6bGxl6P0hRS,0
96,3,Zaira,Vergerio,1997-10-11,enzoalboni@example.com,+39 0458505061,$2b$04$/CfsQ.00mMuf6obhnfmPDO6oZyPCNsWxCxJkfC44ZPK6ryGCp0pEe,0
97,1,Benvenuto,Zoppetti,1998-09-10,rizzolifrancesca@example.org,+39 0544456554,$2b$04$38s0GFB6T/3SqQM00Ohl6OfbG1OUOgTQ1qk4.ZcNdyYZBUjQo2pAu,0
98,2,Annibale,Gabrieli,1995-12-10,enrico13@example.com,0881044207,$2b$04$H.nxQSpVPfXx3K0Q7n8fVuesnvnhytOnEFa6yXcq7GeAKYQGBTtkG,0
99,1,Renzo,Cerquiglini,1994-11-13,montanariellodario@example.org,0166296676,$2b$04$j3FpOCxJNjprR8rNMDtaP.BMeYkG1es.wwjJja4pLvZy8YvxeHCDi,0
100,1,Orazio,Oliboni,1998-07-18,yverdi@example.com,NULL,$2b$04$q9Jzx8qzQ8C9fCIvuWLC.epDrXWdpUiKqFuDfqT/jfP.OJh8laOAq,0
101,2,Vittorio,Bertolucci,1998-04-14,ariapedroni@example.com,+39 0413955909,$2b$04$tnmR4mt9o6OcFvlCLhyNqOQ6dVgipLQmQ1o6SHMtdJ0inicn7i89q,0
102,3,Irma,Civaschi,1997-08-15,trobbianisonia@example.com,+39 059691545,$2b$04$weFiGavvjqngbglQuqz6muCw3jf92qT9p9s15xYDajQKLjaI8ihVy,0
103,1,Ottone,Zoppetti,1991-08-26,faggianichiara@example.com,NULL,$2b$04$moq0YW884F7tazlUuGcnI.aEwjws9K9YaJIABPAF6mtr8UkbkicNW,0
104,3,Baldassare,Nicoletti,2002-11-03,michela10@example.org,07746267681,$2b$04$PUWVyQZlOolrTcwPJzOpmermMEfaknqBhP54T46hXLgYfrkDDIIIC,0
105,3,Irma,Bajamonti,1997-02-27,mdandolo@example.com,NULL,$2b$04$rMDJPa5aiamAPQ28LAAdE.UXBZtzHffLbcvfPdzNUGt4etNZgco7.,0
106,1,Lando,Solari,1998-04-26,ciprianoasprucci@example.org,+39 35184171474,$2b$04$fACEhWmFjzFtFb6zigkzmuGlDCn1QNidSqt.r9Kze.Iv93WZigKsK,0
107,1,Angelica,Bignardi,2006-04-16,atresoldi@example.net,093437416,$2b$04$qQ.JE0AD6AVYtC5iW3MPjOwHbg7WCUrTS3N.qhtRRRpNMs19.eVCS,0
108,1,Simonetta,Leopardi,1993-07-21,yanastasi@example.net,034262299,$2b$04$P7r6xYoFsbwzs99mqtTWoO9fmhu9MwAYFOKQSU/TrrcB6quOc1kYK,0
109,3,Armando,Siffredi,1995-08-13,viridiana50@example.com,05644713274,$2b$04$Bzro0ZlZ1Ogri5o1QlpvO.6aYyUMaFy3bc/uX8yE1kgJr3Xt5mX4K,0
110,3,Fredo,Filzi,2007-02-25,gravinaamedeo@example.com,+39 3780534571,$2b$04$pQLo5Zcr/m6QFflj0./nGORr0aKwBAFoHsz.AIITeNeLPXJ3x4/Mm,0
111,1,Ubaldo,Aporti,1991-08-02,sgalambrodonatello@example.net,+39 09650349465,$2b$04$Yp.NUjKigRaB3rVNjxFaOeSaGWVco0HPoLJmFfgHf92YJzK.i3LqO,0
112,1,Eugenia,Modiano,1993-03-26,giulio43@example.org,+39 3510096524,$2b$04$D.lQimJNNZQtJW2RJF1MbusHS9A47MYG406mxZ.pYLdvkZFlK46te,0
113,3,Cipriano,Semitecolo,1990-10-11,luciaguicciardini@example.net,NULL,$2b$04$kM08.0.40zYIRx8keXstduggrHndQHdC21wzjY3hqGACGwNv4R3UW,0
114,2,Temistocle,Casarin,1991-07-27,tturati@example.com,NULL,$2b$04$lTh5AfOZAD776RxXk4uIH.dVshh8ICDc9KyZQvreC/hKF0HFKrl0C,0
115,2,Aurora,Cugia,2002-12-28,ibrunelleschi@example.net,351766676,$2b$04$/wsdVQLhg8dr9Lupm7YqVuVaBMdrNklfV49mOs/6Ou8EPmtOlX1rG,0
116,2,Lazzaro,Maderna,2000-11-09,mtrebbi@example.net,0773257530,$2b$04$LFNxQEt6kFqRMGQL1qQQnulPKLg86bYd2du/66qZyMqme7h3WvyTu,0
117,3,Daniele,Prati,1992-11-08,hparmitano@example.net,0812304619,$2b$04$8EuS9MiY3r/rsJBc6Wahne3wXgVmz0Xg6UuQqqxmwSln49lQ6HzVO,0
118,1,Gianpietro,Acerbi,1998-04-09,brunocostantino@example.net,0372181144,$2b$04$4owswP4i0l2txzxPvFr8VOB6RobKAnEUoZCQxw4UdmD5iimgP8cJS,0
119,3,Tina,Caboto,2005-03-05,patrizia52@example.org,073374676,$2b$04$7r184fC3JFoXthIpFf6U5OjRTUfQCzQzQMLCLqYdMss0PMxxWjzpy,0
120,3,Azeglio,Gussoni,2003-12-07,alberico89@example.net,+39 37725889135,$2b$04$/PoXyzAdL6MeyFZyvzR7q.bnB3PDubK.w6GJ.YzqfAlck8T/iLDty,0
121,2,Patrizio,Gibilisco,1997-09-15,saurorenzo@example.net,032177517,$2b$04$YFguFaCLOnj0fbONl9tkteruew3tU3UKj0MvNpt3MnTftr8DjwWmq,0
122,1,Cecilia,Serraglio,1994-07-25,lauretta71@example.org,+39 010554885,$2b$04$5rF27NCI7SK0xefyeWhPx.XDM5jmF9sH8v/3k7vjJDE3DiSFqUdEC,0
123,3,Roman,Terragni,2007-10-13,telemacoagnesi@example.net,+39 093269782,$2b$04$IGjJXqxTE2qhU/Zu0hmdbuMGilCVD83Zmhp.WFoSaar9VfYn7ZPiO,0
124,2,Rosaria,Versace,1998-07-28,lara83@example.org,NULL,$2b$04$1yxVqVSk014I58PN8R06nusU4HOBq0QG092QteGtzjYOLzHInVvoq,0
125,2,Ivan,Raimondi,1990-12-24,tresoldicoriolano@example.org,0371003424,$2b$04$JqUMCKwlz0U.LRfmoX6GQuSSUO7tpUSxBG8cScqLz1YFpuQrWr9kK,0
126,3,Osvaldo,Prati,2000-08-08,amanda00@example.net,042697359,$2b$04$yn4ezEMb5C.M.kFVyjmx.OKjkiWPVVE3vqS4nbqmCvehBVrZfTEfm,0
127,2,Arnaldo,Manunta,2007-07-11,wvidoni@example.org,0884328188,$2b$04$jFseWHrojpFHRS0jyqa37eG6eCue6FlFC.JR3eh5UT6Wt/YbUYK/S,0
128,2,Donna,Gori,2002-08-05,michelettiorazio@example.org,NULL,$2b$04$Wpfo3gGgf6ugzd6BUGY4/OqlmZoQWbgZmcTD0ekAD2qIy5TyaMqSO,0
129,3,Giacobbe,Fusani,2007-07-19,ncammarata@example.net,352012075,$2b$04$bkMPczEvAv3bNj7rpCkp1udVkgNF1AhqHUqm1wTpgecvHWHqU8xpa,0
130,1,Imelda,Bonolis,2005-11-14,tiziano14@example.net,0975147662,$2b$04$k8qodqz.zulm5F2jYoVzxehIzSy91t8HOl0WvKxoQkYw2l1k.Hnzq,0
131,2,Adelmo,Pertini,2002-01-09,marinigiacobbe@example.net,0432682223,$2b$04$p5G0ZK9Z8IuMBV4QA9IiNe0QAlYNzyrVPwJHX19ZlhgFaeIQ8VdE2,0
132,1,Ciro,Lucarelli,1993-06-11,ferranteluciano@example.com,05739492952,$2b$04$GAy4wUkBfrc4oAGvb0aevuhHVoffN/CldXrBiOrrfV2EIcDtPYmbO,0
133,2,Victoria,Vasari,1999-07-09,giuseppeborsellino@example.net,NULL,$2b$04$ogsFgHNlG1IFYqT/y0yKX.OFugBmpNhjAjG3gTETCV0sG0ZSMI.Tm,0
134,2,Ronaldo,Tasso,2007-12-18,petruccimirco@example.net,+39 334392827,$2b$04$Oo7LpR2HLn2Rp3XZ5e/dj.XsUcvF5muxkOhSMLt35KgOZME26450C,0
135,2,Claudio,Tremonti,2000-11-03,romana49@example.net,+39 0665918465,$2b$04$7mgBFiPcRwEfLBnzsqT1dOHkEOkU9YDHPY4JMuMsOVUoxZZaRERPW,0
136,3,Santino,Soderini,2006-01-08,lfracci@example.org,012530299,$2b$04$YNOa1WDhVIRBJEoBzBP05e5d8LKTfO/DrYgJJEOjG7OiDfgJcHCvm,0
137,1,Rita,Polani,2003-04-05,nadiafaggiani@example.net,0382579916,$2b$04$Ujz5jHJlMszRTwhh6vmgv.5F1Ped.dCz.chz/WTJNSwoF.rCImjw2,0
138,1,Ramona,Abba,2001-08-23,atrentini@example.com,+39 3638637652,$2b$04$52EbiBaItkH1gxe7nrk1UOjks344WRSwKnSQE/./3rzqqRyHP5ray,0
139,2,Pompeo,Gritti,2002-10-20,silvia86@example.net,NULL,$2b$04$dStMRbJRd8dY9O9Jc.EmsuSOmvWWc7OnLQEk6q29c0Eyyt1GnYIzy,0
140,3,Riccardo,Cutrufo,2004-03-10,gabbanatorquato@example.com,390890260,$2b$04$0Gvjk4xtRikmpzbNKKXGGOoxa0KbC/NPBJEOFT9EZtRWb8TXLgdji,0
141,1,Serafina,Travaglia,1998-10-22,fulvio09@example.net,NULL,$2b$04$LdjXtqGH1rJszvZo.dObFO5s.2OXAy346IvQAiaCyFWWZ6HeGCEfm,0
142,2,Renata,Zacchia,1995-12-07,mattia43@example.net,+39 0783690428,$2b$04$Sj6pqpzxPEf7BgLvvZEBEeisUa7GLN.ningXcO11AhKBaHNE/Yfcu,0
143,3,Santino,Carullo,2000-02-23,baldassare63@example.net,+39 38956588031,$2b$04$HvykrIqv81e8LTscw7WcZ./zJ9JPb4ZpO920T9bU4VBF1jKLXTByy,0
144,3,Melania,Canetta,2004-10-26,bossigiorgia@example.net,09840807577,$2b$04$M0BBWpUvJfPXr5GnhAGM8O/gRVjuYS6hcuOiEEiyWUs.VszCBEE7i,0
145,3,Alberico,Fracci,1994-11-12,ucallegaro@example.com,0422843475,$2b$04$AXl7jp3zhYYdcW71pIyHWOF82bh8tGcjXd1EwG6tLeq7q86ROPrXu,0
146,3,Enzio,Serraglio,1997-01-28,dusepierpaolo@example.com,+39 3505885748,$2b$04$T5rTkS4qkELjMRCoC0gsz.kMzz9YhChfprjrclt0wqKuaKEUWOrfy,0
147,2,Federico,Lovato,2004-07-12,manuel87@example.net,350116947,$2b$04$fu9lMzpj6KGTTA7GsS7cUeDYQPY8hGov1ebZNAP11mAYsNLHe8f3i,0
148,2,Roberto,Porcellato,2003-07-06,fiorinoariasso@example.org,+39 334413261,$2b$04$k.3II/QXP36FxdTX5Clr..aG94XsRnWH4L8Zo8PZrzRXbPtVBR16m,0
149,3,Michele,Modigliani,1999-10-26,ischiavone@example.com,NULL,$2b$04$1QTWST3.v93cBrRGTFCbMOt4N4LXIq7T90J3wH8HqX1lFWqkTK4de,0
150,2,Leopoldo,Altera,1993-07-27,trevespatrizia@example.org,05437807704,$2b$04$sd1sj77QAyK8BywDQ/M2tug094UjUUXNFLwknu3avrn/45v7jJmpm,0
151,2,Ippazio,Turrini,1997-04-27,piergiuseppe31@example.org,NULL,$2b$04$d0.c9x8L8PqTMQRoBVeGn.RfkB.vIAvOfAFHCgCY1cERdHiOWyC0u,0
152,2,Alberto,Taccola,1993-04-25,massimopugliese@example.com,0597051206,$2b$04$vPP8RNRPm0CJI35b8FRUL.pfNq5O15Rp6rK0cllM.7Oso0sMXI8ba,0
153,3,Salvatore,Pellegrini,1995-06-01,luigi20@example.net,+39 050743503,$2b$04$PXTwfupJUBLxZsYcyt3m8O3btDlQcm3JHZY1hKKAnKv6sXFbWBKUe,0
154,2,Maria,Bianchini,2002-08-07,nordiofabia@example.org,+39 035735857,$2b$04$DrjNsOImTHML33VcdMwUFOzKJIquv9oeR6mLd60QhAXm8Gy12qNVa,0
155,2,Laureano,Iannelli,1997-05-20,rodolfo08@example.com,+39 35000959313,$2b$04$gQXCH747ASVvHMRuVcImCOgwPlIz1w2G.qExbDdOOqXOyZh68HwBy,0
156,2,Flavia,Stoppani,1990-01-17,armando53@example.net,NULL,$2b$04$ha0mOMj9PLH7TKPissOd1O95kRRSROJ.ta7MndiZlTs6cBx2BJs8y,0
157,1,Romana,Marenzio,2000-12-14,gagginiugolino@example.org,+39 342386338,$2b$04$Z9l2dtAbNhcVcecebT3Td.yHi4c5eQGsXdzCYY3QXPAEJ4LDI8rPm,0
158,1,Marina,Ricci,1992-11-23,concetta39@example.net,+39 0684577609,$2b$04$Lj3KmBRFoEMEhdO6OeZJheNYEkzPo48Z.R9fWW5y74KhFgBkBoBxW,0
159,1,Mirko,Greco,2005-05-08,girolamomantegna@example.org,0925315729,$2b$04$WtGQWn3ucrozJNhck5RVWuFk/0PNed88PiAAknPWLYTpb1XO4aLca,0
160,1,Venancio,Basadonna,1998-11-19,adriana92@example.com,+39 037306799,$2b$04$ktSB3udZy0MQq9NVMD8bRes8WWIT9LIFgHLJtm6hggk/qpiWEdQXm,0
161,3,Annamaria,Trevisani,1991-06-14,gioachinobongiorno@example.com,NULL,$2b$04$rBr0OOIzcXiENO5vs5Tz6.tkYvezlQMgeOzayR/5iTdmf4gSWcblu,0
162,3,Galasso,Paltrinieri,1997-06-23,mariabriccialdi@example.org,+39 0481924057,$2b$04$xZtnX5iZEvIu60lBTOSXPe5lf.UNBHwN9Mj5Ln6/.Ue1V3jyopkWu,0
163,2,Monica,Lamborghini,1999-04-04,scarpettafilippa@example.org,+39 07214510438,$2b$04$Bj0iSwcIpHG9izG6.2I/j.CV1dUad8F7MJxZHX7r7VNr5dOO.4DcS,0
164,2,Temistocle,Leonetti,2004-12-18,guccitina@example.com,NULL,$2b$04$9aQAFYODFZeZ5X3rOXFvGOO/ftZtlmTyyZx154nbf8G2B9.zfjsmm,0
165,3,Donatello,Foconi,2002-04-07,beatricevendetti@example.net,+39 375524826,$2b$04$unrqWmeFd2S0CCAdLHRImOdKKZ0/ckcDDsPdqQMsB5orY6F8KaTRq,0
166,2,Coriolano,Cheda,1991-10-10,alfredointeriano@example.net,NULL,$2b$04$5DU4cxyQOWs4JEiuwqDuQOTMpE053lg.wLMM9Rf0oZu.6skQXDbI.,0
167,1,Piergiuseppe,Garibaldi,1998-04-12,mariafittipaldi@example.org,+39 3505797576,$2b$04$Ta4kU2wmeZU5N3zcFrebDO85AI8jM7c5OH4JN0D35EaZAcSCSJZBO,0
168,1,Annibale,Zabarella,1990-03-09,wtozzo@example.net,+39 04234764424,$2b$04$WcLykBE99m4AwCk1H3CnvOANLgGHm3JtgWv8txTRN4woTOsgto0BS,0
169,1,Tonia,Santorio,1990-05-23,greggioluigi@example.net,NULL,$2b$04$9zjSJR4Gb451SP4R5qAhc.wF938wZO9Yel/UkCfwqut3fA6pVpz3a,0
170,3,Ettore,Collodi,1992-02-28,marissabergoglio@example.com,056474212,$2b$04$uAQz0boI1bypX6EhNQWJf.fD7IYAs.72YtUhjWW1tTGGmWEu4y6yy,0
171,2,Pierina,Foletti,1992-08-15,falloppioenrico@example.org,0161209941,$2b$04$1qTFqxLz0DafJN1d2B3moeyb5L4WCO3PcDTmA0p5kWoe3Jk2ej5EO,0
172,1,Sabatino,Chindamo,1999-08-04,leoncavallomarcello@example.net,NULL,$2b$04$yjnpx55e4kBSY6sr4jn9Fu8LQp5Ee2vLm45bUwNIhkoXy16Y6xVba,0
173,2,Domenico,Zanichelli,1992-02-19,utravia@example.net,085293430,$2b$04$b2F16CDK3nmi5g5xbETCw.jWaybAsgk6vPthoxa44ZeKfjMBpq7y2,0
174,1,Mariano,Mortati,2003-03-26,lbadoer@example.org,37775770228,$2b$04$I5pAgTbzGChtw2Fa3/kzqOUeqVScs7l3JpV0RT23XJIcSqF8nuqCu,0
175,2,Nicola,Udinesi,2005-04-04,antoniettapelli@example.org,+39 3756450463,$2b$04$VSyC1Ndjs0bTEtj9y/FcZOknBksGJyQE4V5BNk6E3qnsoIyfaYEK2,0
176,2,Marissa,Caironi,2000-09-13,geronimobarcella@example.com,3858104097,$2b$04$guHPIwIGnlPMdB7ll0OP8OMjkiBnF2nfRrR8lNnJp8v9b1Ikbx3mC,0
177,2,Annalisa,Tosi,1998-10-14,foconialessandra@example.com,0532249329,$2b$04$iPXi8L3v4FUNNT2r8Oc0.eqOeDnta0.dHys9d8k.EllEkH6Nau/LG,0
178,3,Maria,Ubaldi,2006-10-24,scarponiantonella@example.org,+39 393717477,$2b$04$8AJk7raSUSA3rlx6.JGCWuzKzrLdcRSy255546fT2WW8wLaJmXUV2,0
179,1,Pellegrino,Canevascini,2001-05-22,angelina14@example.net,0733963936,$2b$04$CwLs4RtrcMmfTUTCnyCCjO76sOHiNxdpGZylTP./i7WgcZX3ivwLK,0
180,1,Pina,Russo,2002-09-03,liviopisani@example.org,+39 360965701,$2b$04$sJWoYSaERKcYTgBRoGhVCe4tbzCsImDubJX1vYKMCDWVNtak9yoOC,0
181,2,Agnolo,Tonisto,1993-12-20,sceravolo@example.org,3510800850,$2b$04$7cQJPq7kVJ7wDzHtg2Fyau/3zRZMMwEJQPR1yQUWbVYJkGazE.gc.,0
182,1,Fabrizia,Anichini,2000-05-23,liciaspinelli@example.net,3783212679,$2b$04$rDc3q65vXE0T5cdN/NjsG.1abMwDiRwMGuovgVJvUja5.2xRnnmnm,0
183,2,Nanni,Carfagna,2005-11-08,jbottaro@example.net,NULL,$2b$04$8N6.tyFR5CRFKbDM0JZH1eLXWh05vpOOMwXAv3PTYHh3eTYCEJW4K,0
184,3,Rodolfo,Toscani,2001-07-04,amontanari@example.com,05442094909,$2b$04$kFMLC6qYx1QXcxTNHPiwzOalDKfx221rbXfHAmAg.bq0ougA5y3CG,0
185,3,Enzo,Sabbatini,2003-05-27,ornella24@example.net,+39 082528051,$2b$04$gjBrb7LEcAGqxtAf4/qG6.eI4a903m/t0kNyI5RYHH3h6iAoKv2uO,0
186,1,Giuliana,Pellico,2002-05-20,jiacovelli@example.net,012347658,$2b$04$/3CIyH01LvuNDSoWwDWqgeHAor20UrTCujFtxq1wxcSWF4YLJ/6nC,0
187,3,Luca,Versace,1998-08-04,alighieririta@example.org,+39 0736181754,$2b$04$P.Oczshn.ACnWTz0cz9On.nxAm249nbs96n0cuAICSoVjWFEAaBSC,0
188,2,Fiorino,Grisoni,1995-05-17,ruggero17@example.com,36254214060,$2b$04$1XKI0y19Fey8vwusjv5ta.yo67qM8OAVrQ8MxyMCa26WsVc7M7fMG,0
189,2,Giorgio,Sabatini,2005-10-02,tanzinienzio@example.net,NULL,$2b$04$3RQrQuFzZBgo4IRzZSDH4OiHM4TsQuJ7vY6ss7UE1c7v6AFqbtcX2,0
190,3,Paulina,Sonnino,1997-10-09,zolaadelasia@example.com,33946015814,$2b$04$w6cgF3wXU3Bitfn7wyw.0.5xGD.JoyUorJyad51hO087I8MteFkGC,0
191,1,Ottavio,Bocca,2007-11-27,telemaco87@example.org,+39 0575050618,$2b$04$G5OY5zHONj/Q8DgzNCmBS.dFxUIMdiX1D79vJH/Mkkh.e7T9Rxy0O,0
192,1,Paulina,Canali,2002-08-17,tamburinicarolina@example.net,+39 018536565,$2b$04$wpBigdeeoYLhbrAd/DTkMOC4ZTo0QD4GXAAI/ObZ/Wmtal0wEPL5O,0
193,2,Tiziana,Spinola,2002-10-14,alboniadriano@example.org,+39 3689467238,$2b$04$pG8t/eNAp/ZnU6Fi04qsu.AyAj2jgi6NQIRNyNcZ1GfmD.1SvBgM2,0
194,2,Tonino,Galilei,2005-08-12,rfolliero@example.org,+39 034227722,$2b$04$pLOhKSx55v9gqGjZjihYDeEvgOTc8PiNeMTklJFVN1.hHXdIFUgYi,0
195,2,Piero,Filangieri,2004-03-11,gianmarco15@example.org,+39 04616363190,$2b$04$xrOnm4mGWIIivJCwbXx8r.Q4FFDm8blOTCH5JPgGTcxt1UViot1Xm,0
196,2,Giancarlo,Malacarne,1998-11-13,monicadonati@example.net,NULL,$2b$04$FyI/nOlBJgcPZl8WUCzeku1ddysJtWUb7PPYqPPLLMyNN85yTgGQ.,0
197,3,Antonello,Bartoli,2006-08-03,cterragni@example.com,0823177313,$2b$04$QO7mZY5EMdRVGgCf7NbTUORf0eo2Znvf9cXN/gjDLXbI.gW95CoCG,0
198,2,Emma,Abba,2004-07-28,pavanellovincenza@example.net,089046498,$2b$04$5/gQGJAUCjkhHQmb3xn4m.f2S8ycFXsTwd4JJejSSbgTUCAnSCbf.,0
199,1,Damiano,Sobrero,1990-08-14,marcellagatto@example.com,3509486405,$2b$04$usF4hrr3tqU0D9J1xp719.HE4vbDVG0PUf0Fyp.OEKvIrxHRU7e6e,0
200,3,Ivo,Borsiere,1996-10-25,dandologuido@example.org,+39 0861238048,$2b$04$rTekS2oKKO960bm/SBHR4.vwBmyoy1mJAYBdqQvImWDHUU63vRbMG,0
201,2,Roman,Marenzio,2006-04-09,viridianamarsili@example.org,04457540242,$2b$04$dw.7PA5NLcZsVp800Y3K0eebmudixEOEZc9eJAKc4uMdsLA5buYpi,0
202,2,Luciano,Muratori,1993-12-16,niccolosagredo@example.net,+39 0835410675,$2b$04$FIcxv4K/3Ve3O0DzwsWJf.rtkaJUr3Kyd/8OHwGdEU2Y/Igt7FygG,0
203,3,Elladio,Vigorelli,2000-12-06,marzoratialfio@example.com,+39 077651509,$2b$04$86nxKzrRe8Iu7YUJm1PQ2eGyne/03sw6haehxuuqBbsBLB5bnVYuC,0
204,1,Matteo,Nicolucci,1990-07-03,riccardo81@example.org,346674266,$2b$04$N7rq9eVJzyEW.iu3AnTGS.Ll1KJWtu.uu1wyJ/s9qxYxi/X2MF8Ei,0
205,1,Angelica,Storladi,1993-02-21,marangoniromana@example.net,NULL,$2b$04$wqyK1pNzD2J55rTJCBlu6ehO5sfXTLCxReAp5c2JgdG2d8..pNpzW,0
206,2,Silvio,Boiardo,1998-09-23,beatrice79@example.com,3515715892,$2b$04$ttrvycekdRpvafBCZ7qOeO89D2L/z6JJonfJZjxL20.N15G5uDP1S,0
207,2,Marcella,Desio,1992-04-15,sylvia54@example.com,0324895205,$2b$04$SZUdXJ3rHoAaA/jjgIzJIu..5ZbxwyPO8N/iIO7nkv3tvg19PYqiO,0
208,2,Sante,Navarria,2001-10-17,graziella52@example.com,0404013222,$2b$04$vVAQV0EzjlEsmb4Qh8IUN.YBbudcNx2cizNygggRMqsK.KW828NDe,0
209,1,Margherita,Caffarelli,2005-05-25,floriobianca@example.org,+39 3365012495,$2b$04$5z4POFlycX4rmsul1XP9Fu2qSYvRGBcD3QsYC/9Bmgwmhooi/aDq.,0
210,2,Ilaria,Fantini,1997-09-09,lcanevascini@example.com,NULL,$2b$04$yvVivR4mgedW2y0gHejhy.QieBUrXiKRHSKCyydd4Qy.XKqOroO.G,0
211,2,Lorenzo,Ruggeri,1998-10-19,angelicapistoletto@example.com,NULL,$2b$04$t6xWPeKCo9ElkbmJK3kvW.7Ya4Sd6SZ./w5VcElhk386UmiLZLfqa,0
212,2,Gaetano,Morgagni,2003-08-18,carolinapiovani@example.org,+39 33116749967,$2b$04$WN8dBBKQYp78tffjAxHGu.h/DfoccKIQjLkpWKsXrKPlLsT1i3dxm,0
213,2,Marcantonio,Corradi,1990-09-13,donna91@example.org,38073477888,$2b$04$31oa/E4qgQrJ2sH7VcVbC.IdMEhOgBkc3ldkxY8KAPgAIj5tbXWI6,0
214,2,Ottavio,Squarcione,2001-12-08,storladiflora@example.net,08182806499,$2b$04$PbMVBWyN0ymL93qguWDVfOeEifIiXlz9w.1JJvtynW3pdvGpFwvAW,0
215,1,Gioffre,Gianvecchio,1994-01-11,carla11@example.com,+39 05752085064,$2b$04$DkhrtGERAwVSA2b44gcF6OhEZGswVt/DRfjED9RGLrjWEGBQNoxcq,0
216,3,Erika,Borromini,1995-07-22,ivoimpastato@example.org,0934639194,$2b$04$dgg870x3erl4pODWrkJ75OWMIpSBveqGowv9oCKkT9NhJlwttPcLC,0
217,3,Irma,Tozzo,2003-08-02,auroratarchetti@example.org,0523896907,$2b$04$LqdntOzMUg2RmUb4Csa7V.2UvFbQSr68cQfckoaKtkwq/AZx78qvu,0
218,3,Fredo,Babato,1997-02-28,neddamastroianni@example.com,NULL,$2b$04$LCthpcg2rRtKBZfi/D3MR.PfurdS3Ip2CZPKGZzltQDJ8rGCnKqZ6,0
219,1,Stefania,Boccaccio,1991-08-01,qortese@example.net,+39 0732231987,$2b$04$a1hNMQusH9mTq/11Nc5K/eyZ5XKscHdVo1hZU/Qd92coEWx8paEt6,0
220,2,Nico,Carfagna,2003-02-16,alina67@example.net,+39 3776425750,$2b$04$OVbYrGeb08T6EVJrukMlx.QYNPjsIr5Hs2/.2oHpH3kylwvdtn58u,0
221,2,Raimondo,Mercantini,1997-10-23,rbandello@example.org,0806561246,$2b$04$ChI7qCqcAAiq9JZat6PhNuAe.LKfCftmt9CbyhZ3qKVBm02EeY.SK,0
222,1,Rossana,Poerio,1997-11-28,rocco72@example.com,+39 36095431626,$2b$04$7Cj2Jy849K1393y/MBFNYuN4wkZVuxTtN26ivXzqn4Q6qhlIaviBG,0
223,2,Alberto,Trincavelli,1992-09-02,rsansoni@example.com,+39 04443344723,$2b$04$gRBwLdF8YjyIv0rK/3K3euAMolXdGOauU/pF8suyzj6/XolJvt1NG,0
224,1,Giuseppina,Franzese,1998-04-24,vramazzotti@example.net,0191800535,$2b$04$.4bYvQb43kagZaqZUL3eRu.AK.vSGnxFwqIICVFNTYdlPTUwhzpjy,0
225,1,Giulio,Caruso,2004-08-06,antonello27@example.com,3505644946,$2b$04$mc4BbRhgBT8mm9b/iLNVreXVY2MHzDGSX2ouHke9m6P.RArXXJZxa,0
226,1,Annamaria,Spallanzani,2006-06-26,htacchini@example.net,+39 0345513429,$2b$04$vuzL0F8MdKeEptIMfOheEeDKe7y4FM.2kBtFc.kzrXCEyEiCSdn4i,0
227,2,Alphons,Bova,1996-07-05,dsokolov@example.net,0963050979,$2b$04$ANO/7RDLQ5muNuSxUbd9iuinDSjZxoXpsaiPrrhPMkJI9mSE/Df6m,0
228,2,Dante,Mancini,2002-03-06,vrighi@example.com,+39 05851583764,$2b$04$87WdOddS96t2J8Tfcni57O7/u5t0E/iMe9l7FOSAHrvPwv41cE3a.,0
229,2,Ruggero,Romano,2000-08-19,smirnoffleonardo@example.org,+39 360438649,$2b$04$GQ6y4n.TV7pzXYuStz/h7uvnHecLs6gmG0hIUQT6dVD7Y.ipwYPva,0
230,2,Lazzaro,Mazzini,1999-08-09,nsalgari@example.com,37792321918,$2b$04$UJA7gevUSyAZbk28BOl7Y.lzG9SVA2zyGVrZA1FTzemoWHeF85/eW,0
231,2,Dino,Chinnici,1998-11-18,federicicostanzo@example.org,+39 373037236,$2b$04$YiljRh8WfLS0fD8BhG/ia.9k222H6mWuS6RbfC5TSd0ekU.irjVCi,0
232,2,Rossana,Rienzo,1996-10-10,vtamborini@example.net,0161767893,$2b$04$DNAQrmqWDo7duSJifgqddOReM98Xr8F4wwh4wB7XFmRGpRtpbanWK,0
233,2,Giancarlo,Morlacchi,1999-08-28,schechi@example.net,3774657291,$2b$04$f4byZxTmDofYtvPNhn0rGeVyBh/LXIUHVQ90pFbuATs5IBjGMDicG,0
234,2,Puccio,Carnera,1992-02-08,dantezampa@example.org,052155084,$2b$04$CTi9.KT1ypGbRzyltMMniuu6ZREx/FPjMaEFU6UlG6Z8CagD6hG0G,0
235,2,Isabella,Rossini,1998-12-10,jcalbo@example.net,057421376,$2b$04$RTzl8Xo6FXqLs2IR7u/c8eTrGkuMN67WP0m9uwr3XW4TN6l76pkCS,0
236,3,Amadeo,Rubbia,1995-05-01,martaalonzi@example.net,+39 0315562600,$2b$04$ELcSu1tjgolA4BejxGzSweRuplEqzAO.O8aYEHownPacq01jT711a,0
237,3,Riccardo,Florio,2006-10-24,zmusatti@example.net,32734108523,$2b$04$T0eBNiu6jzymKT151dKHceoQ4FZNairrVWZAT0ut2SVuMk1dIVKLG,0
238,2,Michelangelo,Catalano,2000-10-26,cattaneoricciotti@example.com,+39 0783539984,$2b$04$NgaQeKKRUdwnHSklY0ARhOuo3m5tsNg/t13P9Dv/VPPwnYuQooKEW,0
239,3,Napoleone,Trobbiani,2001-10-09,hzaccardo@example.com,095767762,$2b$04$pv94UsuPbkipwq3/TghvBeqAGTigXpx7x1UNR.TCn8L1EGrGwjE5m,0
240,3,Danilo,Pagnotto,2003-11-04,nico44@example.com,NULL,$2b$04$8cG6Y7ApXxKxKekXzPYnN.YWKe2ICdtnzAAuOhjKpMh7AjuKJG4oe,0
241,3,Salvi,Chiappetta,2006-05-26,toniscaduto@example.com,03725199635,$2b$04$FTJ1flfJkOzaM3DqRgj1fOVKidjjVDB4fo/WqJ52raBXjqtJ6p2lO,0
242,3,Luisa,Silvestri,1996-12-05,casellatiflora@example.net,+39 37760433916,$2b$04$n6B0BDKCrl9qYDpy2uawv.UCMcKTrxT0hZXEBBFqHk0vIdFLjq.IO,0
243,2,Diana,Modigliani,1997-12-14,alfredobiagi@example.com,0331526541,$2b$04$beP6bfF3P35rGdvkDfJHCOTN6/g3wHmjCKn6HaV9Gqk4ncSPi6.ly,0
244,1,Ciro,Gozzi,1990-06-17,leopoldozoppetto@example.com,0318325828,$2b$04$I6JLhVCUz.Qfa0m4CC3PSudMjh6Xo7J9arabM1oNwF1zYsYA9JaLy,0
245,2,Loretta,Udinese,2002-05-27,mantegnacamillo@example.com,NULL,$2b$04$z//jYah1YCXQIDcyNFcC6uy55xz0cGqApbjvTZPnSB.U5w9x8dBWi,0
246,2,Marcello,Anichini,1997-02-15,fabiaaccardo@example.net,NULL,$2b$04$kA.g/VNBHWOMnunFDAuyyuPVz22DDowtp7umLLBOZ5AGG29KHcNpC,0
247,1,Micheletto,Pederiva,2000-11-24,rosaalighieri@example.org,0588370305,$2b$04$7l2QI3NLmqtE13ql7KHDneDnWFxt.HK4lL8Ank9aX2EhSx7tnRmZe,0
248,2,Fausto,Villarosa,1990-06-03,floraziani@example.net,+39 0185921243,$2b$04$fW6C8Mb16JHPoThWxfGnt.bQBRz53FvcQx21GiHAFcyAmY2Zu.xaC,0
249,1,Ugo,Battelli,1999-09-04,antoniolettiere@example.com,056506351,$2b$04$rnFwnPnLzF2.KgzhC4ln6exg627e0qjC/fk4QhNzZbX/pY/IS8Jmi,0
250,3,Benito,Rosiello,1999-10-13,sabbatinibarbara@example.org,NULL,$2b$04$ykBN83MX8XmIMfowdXV3w.PT9HfsU.R5sXQnhEMvJxmyOBHpWb3X6,0
251,2,Stefani,Altera,2004-11-08,dpastine@example.com,+39 057507859,$2b$04$bCV6FLXRzfsVUs6U4yGeYufJwBwPI3HoSN10ddlOVft2p.zhkigcC,0
252,3,Fernanda,Nugnes,1990-06-20,berenice82@example.org,056495450,$2b$04$vl.EKoiEcmTBXp3yBRwdJuq2DO9XxgCi/SsNsw6fIvZukptYZsd9G,0
253,1,Marcello,Cutuli,1993-12-10,santiteresa@example.org,043803379,$2b$04$B8BknzvvpqHYizRD8he1RuowQ5uo0SKiRKPdqIPZtPYpci7H5u2RW,0
254,1,Giancarlo,Iacobucci,2003-01-02,martinovismara@example.org,+39 0425024101,$2b$04$zqyiKgYYU3WOaDGbCej.j.9ioOPu8.8KSILgnWJhUW.JWkQQ2F3KO,0
255,2,Nico,Merisi,2004-02-08,cgottardi@example.net,NULL,$2b$04$ILlvl5tiHv0hdEikaQue0.oYgpBqEX/Xckum0l7uTYU/pOXfdflDO,0
256,1,Luisa,Tomei,1995-08-12,lara58@example.net,340774969,$2b$04$jnBvs5JN2n0zRNxVlXGd3OSdUrJ9lUYZeE7RPh1BdKX3hUt.tRsKO,0
257,3,Pompeo,Salvemini,1990-07-19,arighi@example.com,0566460271,$2b$04$b4YiNP4ubUY6/.zP6hoNQ.FiOaIGCThd6w.ZRtkWCBXk7zmTbpbGi,0
258,1,Claudia,Cicala,1994-11-04,agnolo44@example.com,NULL,$2b$04$KNHTUfd.fJUhCvetieDWzuuRsj8pLcFXP7E7MR8dfZaqqBPoQ/.HS,0
259,3,Luca,Farina,1994-05-02,nprocacci@example.com,3533805290,$2b$04$klN0NkZB3Op3R0kadq5G9eoRmbnCHtPebTnHFg/A5SayxZVPjVVAC,0
260,1,Ottone,Boccaccio,1993-08-08,efarinelli@example.org,NULL,$2b$04$3HN2.i34m.MipUa.jIk7nu5lxKnl.zd47vCiAZZrLELrk7dnJ.hx6,0
261,1,Arturo,Pacetti,1996-09-21,donamarcantonio@example.com,0375128673,$2b$04$G2puUUUqAESunfpGURKmguCBP7DJtNvMF2eOW5ANEGtJgzFJZO97i,0
262,2,Antonia,Stradivari,1999-04-04,kscandone@example.org,NULL,$2b$04$jiI5muRIoddlH1omWCOM3.a.5kD.nbhJGwVAaMTUOXM/a1GYVj0XC,0
263,2,Cesare,Persico,2005-11-07,giradellovaleria@example.org,3792841378,$2b$04$GOrKPs/21cdw1XDvMlrwtuauuIL0AI5kx6nP7i1fZSJdQB/P/RUKu,0
264,3,Damiano,Cianciolo,2007-01-26,germana77@example.com,+39 031837274,$2b$04$RayDs9vGfm9mH0NQuf94fuakEudINKzZNHeMjJlUAK5eY2HzzRFbG,0
265,1,Eva,Camilleri,2001-02-27,cmascagni@example.org,+39 016663353,$2b$04$4x0s99iHQjjkETbw9F1wIOOUYmjxTI7VsmJqTf5gk0XCduRJcotNK,0
266,1,Giacinto,Venditti,2001-04-11,hrensi@example.org,+39 03415520603,$2b$04$s6utDk4MwmMzosNWhuKlROW7SJNX/IjhiLif3/0h9k/6JkkqaVWiO,0
267,3,Manuel,Pedroni,2007-05-28,marianoduodo@example.net,NULL,$2b$04$fApDujHbGbNRkOuyjK7wf.I70FggdQUJ5klyc0afB1/0fkcjA7pD.,0
268,1,Bernardo,Bianchini,1990-05-26,nicotarantino@example.com,+39 0372630395,$2b$04$TSczgH9Ri/4C/v63bzn37OgQkh2tbayGJIMxKxYbiv4.qeSwCaRJm,0
269,3,Sylvia,Paruta,2007-03-01,fiorenzo70@example.org,018730232,$2b$04$VyX5LSy5EQyJH6MeZntUiOtBPsCL2iFF2wR4hdqFQftT8iJx84wW2,0
270,1,Nicolò,Detti,1997-01-06,brossi@example.net,3202706619,$2b$04$jfCgK2xitMeW38Au/itR6ePaqQxu7JybIBqDH.T1yrG8mkyqQWnyS,0
271,1,Oreste,Stein,1994-09-04,eva91@example.com,+39 37801692348,$2b$04$22K0mNGQudfVlzP2NDhVYuv9bfcoUrTd8Xht1jQbl5iY9Mfhw6K3i,0
272,2,Giovanni,Gramsci,1993-06-17,albericocaruso@example.org,0732918364,$2b$04$j.9vT4Pl41Sa4XYckpClJO2JeeJ15vgGz2lTdIlO0VEmtXCnlv1X.,0
273,2,Fabrizio,Stucchi,1991-04-20,cagninbartolomeo@example.net,0884646222,$2b$04$w35re/a/Q9m75K.trpynH.fZ1duLoyN7wRaS6BEropRj/GeVt49ae,0
274,3,Calcedonio,Papafava,1991-05-15,lercariazeglio@example.com,+39 0953771000,$2b$04$2L19TOPsHD/1hi.I6uQIBe/KURR1FOR64BsHyp2fik9xMyoPxLeci,0
275,1,Arturo,Nosiglia,2006-08-28,olga10@example.com,3422091847,$2b$04$cVRwOgaB1hD64HyeI5x7H.H8i/u6upC0PCacwY1Ko/DTPs854dc1q,0
276,3,Pomponio,Simeoni,2004-08-23,pavanellolando@example.net,NULL,$2b$04$0aZuJUpcueR9AItA2Xq8NufHsqKn58N97bnP4fAapbvLVJ7pUviRW,0
277,1,Imelda,Bruscantini,2005-06-20,rizzolilauretta@example.org,+39 3505564341,$2b$04$sBXkNvCVFk8gDlRbnH9TjO0krlQ2IvtL35BlopTGTSeij1g2Ufgm.,0
278,1,Jacopo,Brugnaro,1999-10-21,brunomassimiliano@example.net,+39 3471952560,$2b$04$8o.cKWJrPlIX./pCxhzuQOsTWCsExbNVSf61yhg1hDQHVQ74VsTZa,0
279,3,Rolando,Comeriato,1997-07-20,ennio09@example.com,08621497340,$2b$04$NGpl.qiac4R27C1q20HQI.DxQmZ77gtxMNtaAqx0Z7zYGMwMDUOvK,0
280,2,Piersanti,Sforza,1991-10-14,maria66@example.org,0541386129,$2b$04$IKvcCoOXd75JeAkQ.VeIzuGpZTQmD8HxKlIN1a8f3ZATGje6tmZN6,0
281,3,Cipriano,Nordio,2004-11-21,derrani@example.org,NULL,$2b$04$taTEgTBx/Myn8vVMw1V1bu.kszMZkYQ9lORYrOh0a/uSk10SnxGHy,0
282,3,Guglielmo,Russo,2001-07-15,agostino11@example.org,NULL,$2b$04$zI09ujmqsh.f549nZYZZZucWZgxq2nNL8dJu/lndwipqTHCEg9teG,0
283,2,Sophia,Valmarana,1997-08-13,pellegrinoantonucci@example.com,018589813,$2b$04$gI3ZUV0TM6b6t9jbmLj4UudYYcf7Ndf3mI7Wl5aI.rQMTkr8DuPEW,0
284,1,Gionata,Mantegna,1997-07-11,traversamelissa@example.com,036497585,$2b$04$D8RxGkIfPoQ5x/x3NX/piuBGZvFWe10iD3npQgyQkwPruW/bHx8fq,0
285,2,Giovanni,Ravaglioli,2003-11-16,adelasiafischetti@example.org,3517359892,$2b$04$YIwTpZdsyhyTUGKQix9ob.XT..Q/vak4fq1jpB4xPcHWT302yfOkK,0
286,1,Gianfrancesco,Pareto,2005-07-04,castionifederico@example.net,09617185989,$2b$04$Rb0HF7KdO0ejWknaG792K.FsMXrro1k720hwnlCs9re1jqbZ6/A4.,0
287,2,Lolita,Interminei,2003-09-02,paganiniisabella@example.org,36872757848,$2b$04$LX4FOESRNdoXfmBH/4cAQ.L8/TpTUw7akoQjtqhOT7agCc9Ovwqii,0
288,3,Torquato,Cianciolo,1990-06-22,gtanzini@example.net,+39 0734093063,$2b$04$3/F22U6Enxn9RH0NHj9DUOWc7bwAcGV6NEzWvgVDrvn4L1UwpMu9S,0
289,2,Jacopo,Mannoia,1994-12-02,qmagrassi@example.org,NULL,$2b$04$wA6uOsLvT7mA9Z0o7cO2OuUdFYirJIHMHd68VMrRJSrqv4ZUjj8Je,0
290,3,Flavio,Pignatti,1998-06-04,agnolo16@example.com,+39 031882617,$2b$04$lsZEo6u05Zze4rfA0qiwe.Xj7/RoaT0GXRAe/mcg82sHxVBkCnXC2,0
291,1,Annibale,Chiesa,2003-11-16,vpulci@example.com,+39 03763741682,$2b$04$4nn4/oWAiw87wFbKqBUAXuQe/zR7CiKdXc1QtwszhM/x4A75lCRVO,0
292,1,Sante,Luxardo,1996-09-12,sebastiano16@example.org,+39 3438234143,$2b$04$xSeSLq3NDT4IBNKk0UheJuaN10yitKVJe0zSTYDjCFg0KJb5di24C,0
293,2,Liberto,Gianinazzi,2000-07-28,martinoredi@example.com,+39 08746041446,$2b$04$m33fqPxrj9enGXMYVn3YS.6sx/DycBQ5wLFruQjLy0ZJ91z/8ITXa,0
294,3,Marco,Onio,1990-01-20,luciana98@example.net,NULL,$2b$04$o96WSd2EnKA0nEJC4RsNeO7iJFHdpvMHe6wdOoK6jbpc44RD1M5I6,0
295,3,Leone,Sgarbi,1999-01-06,vittoriocortese@example.org,+39 0424684857,$2b$04$EdtN41Uerxmyim4MkGbUa.KsndKTBUhK.zoGrzT2seAXLeMC5V0tu,0
296,2,Ezio,Romiti,1997-06-01,xzanazzo@example.com,097543202,$2b$04$tbUTNT07fOQ9C3VmKhk47uOt7bpbB1P4Z3IVRIr/4n3FEHIYp5VoK,0
297,1,Gionata,Foà,1995-02-05,abbafederica@example.com,0572184265,$2b$04$v0RIQNxZ5qtqXuLyAIJcR.NsNJZLtuHq2Q2xGFxdNdaJliAPFCtpe,0
298,1,Paulina,Roth,2005-12-17,manuelioppi@example.org,03737365212,$2b$04$BAPzdHAxA9N44ksAoRJ/WeDPEAH6qKM3/Jv8Q6O9gFOdqAzCZPhmi,0
299,2,Vincentio,Cibin,1993-06-06,calgarinicolo@example.com,+39 0342002312,$2b$04$A8dBpALkX2qo6jWr3dLCSOARwuZrFQZ4nFu/rCWgE2rQ//XRhvMVG,0
300,3,Claudio,Tornatore,1997-10-20,acivaschi@example.org,+39 0445662541,$2b$04$Rjo1oKLxv0QHkiVeHCGVxeoHlHRpHLXwrhssXLUQ2YbIgl4cTOc26,0
301,1,Eleanora,Ludovisi,2003-03-25,teresa14@example.com,37604102227,$2b$04$JVjLHRjW6KQQvuy4Lwq.KeQTghq21JRzDix0y7T9wS5YwtkCY01xq,0
302,3,Oreste,Proietti,2005-05-15,ivasari@example.com,+39 071196893,$2b$04$6cUD0AWZDVHdvB0ibQHMbOUyzrEGXr.GQH.53Ljf8o6dtemq6FBOG,0
303,2,Edoardo,Casadei,1993-07-09,nicoloaulenti@example.net,059019179,$2b$04$xz.B3icx/2a73fGmJqkO4ucBwh25DJnI7fL9qR0X9BtPZ6GNveZFW,0
304,3,Costantino,Crespi,2004-06-14,balbiclaudia@example.org,+39 01226678432,$2b$04$a6SA7y6P/GrjXkXGQuddueQo6CYTVJUFqT5ULbOVczZS9zzV8V4Oy,0
305,3,Ninetta,Pagnotto,1992-09-22,rferrari@example.org,+39 025950342,$2b$04$siv7FopYDDyjLetBP9M30eZz6as6OxPZCc1Zo.vI3SzOTzq/E3h4a,0
306,1,Temistocle,Ferraris,1995-10-02,luisa65@example.org,+39 0573681827,$2b$04$1/gv4nOsyDQPo7wbn.YP9uLdW0/Aqem3Y2Fy9Oj.ggKkWQB7KjME2,0
307,2,Marissa,Mortati,2001-03-25,vchechi@example.com,351460633,$2b$04$TcLK6ZZsnM4a9xyFgM5Ie.4waiMn59/e2obbeMMHdD/4bl0A87bYW,0
308,2,Martina,Scaduto,2004-01-16,salvatore47@example.net,+39 37131970569,$2b$04$QbYmTre04IeYwAqdYC/2nOteHwhu5d.NtrvA5htp7DuVcLY9aVeBC,0
309,1,Serena,Campise,2003-07-18,nicola29@example.com,+39 04446715781,$2b$04$UHrtCYZANbyzY/UHB3q0fuFCEK7yqDHTmkDdWQ4shKxGc/uVRnKwu,0
310,3,Lucio,Zoppetto,1990-11-26,parmitanoaugusto@example.com,0813030642,$2b$04$UU3sai0p/tG44XdI2Uqd5e9ljBbWXiagv5gVpDHec/7dToh0B/6A2,0
311,2,Salvi,Ungaretti,2006-07-01,idaromagnoli@example.com,3773089315,$2b$04$nAGqCJUSrhxEJOlGKvs0peeyABk5ZNVsEkDQVTy6wFq1UH2hqHSS6,0
312,1,Ida,Vergassola,1997-10-14,ceciliapapafava@example.org,0431390554,$2b$04$/jOJ136CcaQHfqp9mTdqxe08mJXK/77bQa2p05ufRVRYDvvcvEyDy,0
313,3,Gloria,Romano,1994-05-04,iolanda91@example.org,+39 0321096178,$2b$04$drrYY70nE/iG9CsYEIi96.ximl6N4SZCE.3ZYNpo2RjlH.zZ1swH6,0
314,2,Melissa,Garrone,2002-10-15,graziano44@example.com,NULL,$2b$04$0rf3D0ahZo6xEyeSehJuCusb3aU8qAEgnhVqryk80qrPhbUfI6K.W,0
315,2,Nina,Respighi,2005-07-28,erikapennetta@example.net,+39 073458263,$2b$04$AKE8cLc8G9iPh8eJGV/r2O8hofsIlED7qemnhlBRZsSaXULmypYRG,0
316,2,Orazio,Asmundo,1995-09-03,rodolfoodescalchi@example.org,+39 33134383601,$2b$04$P2YXWFGhExYN5rHhQW5dY.Z8ZKQi1V/E0.iSYRc6Qzw4N9PBesHkO,0
317,2,Elena,Borsellino,1997-04-11,giuseppinapuccini@example.com,351772240,$2b$04$j2zF9OVuOprYwRbKa3fnP.jWRMWGiW3joSGyoshtljEfzuR2KM0EC,0
318,1,Giancarlo,Brambilla,1991-11-04,grazianolegnante@example.com,+39 37721584763,$2b$04$BgZlDooVd8qwUQ8wx54gLeSe2Ut/qw6i7fAAgg3/ZfWjPj9U75vIO,0
319,1,Clelia,Pasqua,1996-06-24,kfilippini@example.com,NULL,$2b$04$/zARjm/KF2PYmYIM4qDxjuea6y6gSGJr7k5900VlZjhIYBquZVgYG,0
320,3,Giampiero,Palazzo,2003-04-04,ennio51@example.org,361053795,$2b$04$a7Y7vgZamS1QPu8zk3n5a.4LeKV9q1Iywv.z.FpQM1h7n93VneMa2,0
321,1,Pierpaolo,Casalodi,2002-10-05,sandifausto@example.net,096263904,$2b$04$q2N0vvfXB1/dJNfkaxA.GuXu71tWjdKGM/pV.SbsHOkiVsPKyXIyC,0
322,3,Panfilo,Mancini,2005-03-25,ptaccola@example.org,371391030,$2b$04$qByLJD05n2YXaTFKvjqsXuL2wD8ggcWZddTh5lJNSIaFzsTVZz6Y6,0
323,2,Daria,Parisi,1993-11-19,ilaria22@example.net,0344252961,$2b$04$tnrhNVeXWKKZKZlikvUuM.RjhiZniUQFizV9NKONGewAI5LoA1Lwy,0
324,3,Alberico,Gaggini,1997-11-11,mpavanello@example.com,+39 0577398857,$2b$04$Ri3LvlJexdQInjz5haYovet4IGwl3iP.kyPaOmSJZlIpY0a7UHttu,0
325,1,Alderano,Scaduto,1992-08-21,goffredobacosi@example.com,0584418153,$2b$04$8nmmIT5rocVU3Te4dm65MeQN64.uiKuSx4HHnGjg1tyP50kuhVcKG,0
326,2,Costantino,Galilei,2006-06-17,bernardinivirginia@example.org,04711814361,$2b$04$UPr2krI7I05R5Q9hIVXanuusk2wIekO7Mu21m03tB1wcVDv7HVNby,0
327,2,Fabio,Faranda,1993-01-02,vittoria72@example.org,076550241,$2b$04$/9P4mro8riJAb21P1OFoM.XdwdNO9AqpiGre4sz7h18.7exWEaGrm,0
328,2,Girolamo,Spinelli,2005-11-28,mirco70@example.com,NULL,$2b$04$x3TTRZsA44wdw/SZiIVbGehJpeo7nbG9h/Q92elhZhoBr7rzGbEFu,0
329,1,Ida,Ricciardi,1991-07-15,geronimo13@example.com,+39 37794878256,$2b$04$qkFAdHAJzGxMLQGqU/18h.j0u6WVqDjsnNo9sXwxTABRsEhuiM71S,0
330,3,Jacopo,Zaccagnini,2006-08-26,leopoldospinola@example.com,+39 389407034,$2b$04$/xu7XuXLyNZsqWHmp/nEQ.cdqfmIg8w9fD7zCeK2wJrRwFstxkYoy,0
331,1,Biagio,Maderna,1997-10-16,amedeosforza@example.com,+39 39266614425,$2b$04$q3Vqzz35wV3RxTsER/mG4OmTXm0ahcRksH1KVBh76t44Wwb/YC/0u,0
332,1,Giulietta,Nugnes,1993-02-26,bnolcini@example.com,NULL,$2b$04$cnxUVImx2tv7sIvQ4doM9.LbSqg6kywnZ.vskWfntr0/GxKfZmx7e,0
333,2,Adriano,Scandone,2005-09-21,fberre@example.org,3710159145,$2b$04$4Aa1dKvTUx1sN2mse7kBoe.VoQAbD5Cux9tRzULchgY4REX60kr4m,0
334,1,Galasso,Carocci,1993-08-17,abatantuonoeraldo@example.net,+39 0883133176,$2b$04$6rvtqpwBRaIb06rFh3LkoOt8g8liPiPvJeoOaIWX84plj0bCdB2wi,0
335,1,Tullio,Vergerio,1996-06-10,salvisolari@example.com,33519754616,$2b$04$rFFb/bujenBvI5pWe4/ftOYylSREUWSQv5Co11TlmRkauAhmEVv9m,0
336,2,Temistocle,Telesio,2006-11-21,mauriliotrillini@example.com,+39 04025957241,$2b$04$0x7d3UrYx3ettO5r0DXFwufpCZYtQd6AR7p6TRaVCSEI0jSqKGK..,0
337,2,Cipriano,Canali,2004-09-22,usimeoni@example.org,+39 0332266101,$2b$04$PLVOenl.xI5eptDM7pejouSDBCtuCoPuI.CzgvvuQ.Agh.KOZDtYK,0
338,2,Paoletta,Trotta,2003-06-03,calogeroarmani@example.net,+39 0429020562,$2b$04$W8TA7jeGnN5lFtyW7y.WNeQ7J66VlTeR26DeFgV.ZJqvjR5SUEpLu,0
339,1,Gianni,Bergoglio,1996-05-21,alessio34@example.com,3685124186,$2b$04$bqxVSag6fO9NUoxmlZcuXOIhBfO/cFkQINLWve0VhFLK6QQgZifP2,0
340,2,Silvio,Bonomo,2003-10-23,mutibenedetto@example.com,NULL,$2b$04$EUNi1VaXrNAbBXS7mF.4d.Xhg3WIVcg1Qybwjhrcfv/NUNuHLWFim,0
341,2,Sonia,Parini,1990-07-21,violasantino@example.org,3236266821,$2b$04$oGOlWRCBpheVccIuntoVy.gy5fiTnT.xVmyMeGSEVJXaOdBe7Xpdu,0
342,1,Raimondo,Esposito,1991-02-21,antonello55@example.net,+39 054429671,$2b$04$4PbgkN3qg9rdEDNe0T7vwePypO9AsjqPgleyUfoODmQnmYfhuqJni,0
343,3,Zaira,Polani,1996-01-12,flippomano@example.org,+39 3703834832,$2b$04$2LIzOUUir1a6f3KmK2dbl.z44zre3fRxJfAWs.CimrO2C1qggZ4AG,0
344,1,Geronimo,Parini,1997-08-07,floraricciardi@example.net,+39 3344085094,$2b$04$.3mgkY8jJYaDSfIeQVqsLuC5WxZ40BQLX/MgXAq73Zq332B9Re8pG,0
345,1,Ettore,Parri,2003-02-10,igiolitti@example.org,NULL,$2b$04$QFLWmc/blUWdZ/UiF4UtLeGLV1tl3iwOFxIZ4XHSVPl2U5k/EQk7a,0
346,1,Ranieri,Almagià,1991-09-27,wbarese@example.com,+39 07350914912,$2b$04$PiFzDz4X9KoED.x9utFNpuG.kXRpLhgpMWKvENjWbqO854rOwFXee,0
347,3,Rosina,Nitti,2006-11-11,gianvecchiomaurizio@example.org,NULL,$2b$04$YbYaXS0SBYQcRplnfNRp6.PDSL7z0zVBMQYl5YSaPDsWopU3CcIsy,0
348,3,Lando,Bajamonti,2003-10-13,nannibazzi@example.com,+39 37390193539,$2b$04$80ADX/KcY0/uqnxSV6wnxuZowtvjg4q272MsoMMhXZtlO/jdXHP1C,0
349,1,Venancio,Trebbi,2002-12-15,rmercantini@example.org,3733535371,$2b$04$9sZBVJxmxKBVOuTqxr5Pbu64mOXcWOUoMkCQz2A8FjCK.YJX/o.t.,0
350,2,Clelia,Gullotta,2000-08-20,massimiliano51@example.org,0758297320,$2b$04$elNeQGVsiUFUylNpZE8zHucAgPFJEELaJqUSevAak6zZEqK4g31mO,0
351,3,Anita,Goldoni,1993-04-18,danilo55@example.net,+39 34101576742,$2b$04$CMPo8qnSp/Bb/b37oXwiIeLbTIEWT8qLGC4zUW1QHoN2HNFU1egxK,0
352,2,Massimiliano,Bellucci,2001-06-22,ulucchesi@example.com,NULL,$2b$04$jkrtdR4oScaPxRnH4AmMOuQMJ9R.samGAXwPJICS2WwY8VTBEw/fq,0
353,2,Gianni,Ligorio,1993-05-25,ciprianofoconi@example.net,+39 0141908830,$2b$04$i.YPxagrk1bUHY3VKeVYjuqnrfQJAhVDwvnr9ym.3GtzHn1QyA2bK,0
354,3,Michelangelo,Bosurgi,1994-03-27,lillaborrani@example.com,+39 08655478101,$2b$04$voNHsJPtrMMjYixCw2MGqOiHQDrsf3Wk5ZWxs3RjIfnrKZ/8TEoGy,0
355,3,Donatello,Fieramosca,2003-05-02,tozzosimonetta@example.net,+39 010617893,$2b$04$G12NED1Z8bkAGl0E1NJXguRdRRmH6H4wnxmH2RNEm5qebFiEXkE8m,0
356,2,Giancarlo,Carducci,1990-02-23,piero75@example.org,NULL,$2b$04$CtxK3kFZ43YslMiw8Uz05.aG9uP2oKu7awlpfu1kda7gwOglcgJfO,0
357,1,Annamaria,Miniati,1998-02-25,gianna56@example.com,0761640470,$2b$04$xcA8VMl7frZO3dolI.e5OuNWc.54bQ7ud1URyIPeeceSYBDkjlLuS,0
358,2,Filippa,Bembo,1991-03-27,miloungaretti@example.org,+39 33118634253,$2b$04$hmuFFxg.T3Px3sdO1FhSK.ukbULG5vMJm1NCMfuhWPV/qqbAhUes2,0
359,1,Teresa,Jilani,1993-06-01,borsellinobenito@example.net,01250892135,$2b$04$DdDZF8wdfisYhHM1dLpytO5IyYVQCdyD7fyYIHvDkcU/VflV1t/.6,0
360,2,Stefano,Pertile,1991-06-08,mariana81@example.com,+39 0941063759,$2b$04$h6OKB.aJN08mhYwz0qHZkeWq4yCoeEcDRJoWo.yEUmufpn3U4Iw5u,0
361,1,Piergiorgio,Matteotti,1996-04-01,romana20@example.com,3770043875,$2b$04$JNBIED1prQNvj24Sbr.fz.0VOgjkL1UwBi3yV1KoNGMMN/0Kb0yWy,0
362,1,Fausto,Trezzini,1997-03-05,vcilibrasi@example.net,07330416489,$2b$04$Ka/UpGx2PoNd4WYUiCXbJudybCc0AJikKIPOunYhx9ubwww5CbT0W,0
363,2,Agostino,Mercati,2003-12-16,jerrani@example.com,+39 0114331871,$2b$04$HULptZ2btLM.BCAn3A.YFedSuT1dS.HFIsSvHBln0pf.uawbrSjhi,0
364,1,Beppe,Corradi,2005-01-09,gaglianohugo@example.org,09221289699,$2b$04$T9MjAVbSP9NCfdBVi2d6W.ANthKHLC2kD8OWXZRoDKCDzNRRyscyy,0
365,1,Leone,Tartini,1990-12-20,giustiannalisa@example.com,327675485,$2b$04$rLck6TVeOSjcXLPnftIU0en5ri4ICOi7HqX3Xg9yFedKv/8gr7ogO,0
366,1,Annalisa,Federico,1998-04-10,lpalumbo@example.net,+39 0425758305,$2b$04$LOD3leyS1/RrgTVp.SH7NOh59Putz0UcBgU/.oQLvtR2El25oU7ym,0
367,1,Salvatore,Verga,1994-11-26,baroffionapoleone@example.org,+39 36822161001,$2b$04$xis0YFy.RiWP2GO7bALIFeWPTJNX.xbQdwCW261DiTJ2n6sOyI/gW,0
368,1,Raffaella,Tassoni,2004-08-20,linainteriano@example.org,+39 0775049382,$2b$04$d/nOhmcG3tF1zIkJjqtJVuJTrheEH0IOnkr.xMlbuAZloMIk7GMj6,0
369,3,Nico,Sbarbaro,1991-10-08,gradenigolivio@example.net,+39 34824064226,$2b$04$yfK8n8LGSHlF6s38iN9GZOI6Q7S5tysfvW6jyhb.QzCntlb9z0Q9m,0
370,2,Antonia,Fracci,1994-01-20,pnadi@example.net,0431588413,$2b$04$Xg5B6FMKDL.RBwQJkuBYCukbKajZiWn6ZBwj.ghHNP6P5ZZqalFP2,0
371,3,Martino,Callegari,1994-03-22,michelettomarsili@example.org,09212079763,$2b$04$7PAoNeIsBCS7oyVQOx7hKuowCOLc51hPrzMaOY1dRJtcdRJ4IIJ2e,0
372,3,Ilaria,Trevisani,1996-02-17,antonellacilea@example.org,35501425720,$2b$04$YmLXCOsEH8/jFZnFyRyXRO4TDlDKnrF8A/GjTiYbmPKT/mu1pHyhG,0
373,3,Sabatino,Paoletti,1990-01-13,wgolino@example.org,NULL,$2b$04$QK.eK3I4ff8k6FwnOQuBDu4x41KlVfK6Q8HQUDKKAD.Y.8eb47K9W,0
374,1,Milo,Morpurgo,1995-06-09,pezzalibeppe@example.net,+39 03647303416,$2b$04$fS3drMemA5h7uSMY6lwUd.c8rNAa8b6BgUe.NjgTX5CwfM7sh.aY.,0
375,2,Ernesto,Meucci,2005-06-08,ariatolentino@example.com,0122766044,$2b$04$oDieeP4MIj6HG1NlMMpRLOaODNkkUP0xd6PrzbAxPo/u9vkBoeduO,0
376,3,Uberto,Santorio,2004-10-24,dbello@example.com,+39 03457750945,$2b$04$owegDo6Ry5vB1kj7OCzifOrmEOqvdOnsGSEQ1bSrLsc12an5gFaTa,0
377,1,Silvio,Ricciardi,2006-06-18,matteo79@example.org,0163155028,$2b$04$/OQr4WT3neFqnlKf7N3mOO6dJ9PC/PmwPXv/Xc7YXPq1roqhC77si,0
378,3,Griselda,Bembo,2002-11-15,antonina73@example.com,NULL,$2b$04$tz7Q9waGZx.8ywHq.9XkS.pEdnLvQayxX7EBy0i4HqrKx6aGExOfu,0
379,2,Jolanda,Mocenigo,2002-03-03,azegliolupo@example.net,0961695868,$2b$04$ghahHKTVfAGfGNpGlrb.0.WEpx6k1ACZoWUNhxhPJBK5FOPyGcBWu,0
380,2,Virgilio,Pacomio,2006-05-07,lamberto57@example.net,01412992996,$2b$04$yye1B.bWqmUnFYgu9Tea0eXzR92Yu4l8W.Hze7QpRgtWkp2.nISEC,0
381,1,Luisa,Gaiatto,2006-06-10,uliguori@example.com,+39 33558886374,$2b$04$eqguLGbGgFN0NEwVw66LVuVBlntdnrEnHQSoo5hso4SNpQCBcjSbm,0
382,3,Caterina,Pizziol,1992-05-02,modianocristina@example.org,+39 0925715098,$2b$04$GgajD.kRMrC1E9uE2Kv92eJ0Y5rH1Umn2KTXI2ef054KpiFQjZW4C,0
383,1,Costantino,Montanari,1998-06-28,gioelescamarcio@example.net,+39 0110687614,$2b$04$4PkverBZD74RGFZZXfhyluRPYvrnwLtKaOITjZavUxRIVhudUYWbG,0
384,3,Marcella,Caracciolo,1997-05-04,mirkopontecorvo@example.net,03653734117,$2b$04$r6HPug.POwlS33b1N1V.wu94RGtFwPxoK5nXrn46tkELVsfnYEche,0
385,2,Emma,Marini,1995-12-15,rrosselli@example.com,NULL,$2b$04$fHjv66LgBFddlrJ/ixd2Z.KlYt5.89B9U.uFljUL2rby.5U4EqJde,0
386,2,Ermanno,Tasso,1997-03-16,valerio56@example.com,+39 375787276,$2b$04$RTk7Dr.Kd8o4Mx010c4fNOo3Oeek3scLQodVXX1v5q2vaYjAJVqUi,0
387,2,Gabriella,Balla,1991-05-26,vcalarco@example.net,+39 0532888109,$2b$04$AnaKpZ46xtOiCHN6NX0moujTiobN4krH9FoTOj6argHBlB.xxVE3O,0
388,2,Giacinto,Gentilini,2005-07-20,bettinasismondi@example.com,NULL,$2b$04$BBzRkOPT1vv6tCcQZxUaH.62MKy1UDYCGpVegce15JA4uXyrHucRu,0
389,1,Fulvio,Saraceno,1990-05-11,gremesemargherita@example.com,0852587844,$2b$04$xPFv8dSyO8kZ0.UOxMwjJ.g6xjqA6/rKf8F6M6a5kHgm3eh/n.l8G,0
390,2,Giuseppina,Vasari,1998-05-15,fulviocanova@example.org,+39 0558458719,$2b$04$vIMJo5j0bc.qO93yAavP5ufePt6CfDkV.CxATYUo2Y00xgPOT1Vuu,0
391,2,Liberto,Montesano,2002-12-15,renata57@example.com,0922660605,$2b$04$l/IC9hMj3E.fQGhCRd1IAOBaBUl/lPGE3sSYbqeiq2Tewm8lvRSRy,0
392,1,Manuel,Sokolov,1996-10-14,xbeffa@example.net,361734996,$2b$04$Ofq1GJW/CGm4FnZ5lJFo4OnS0VvgNyReO0QSFoYWKjSYlAQWb9kuG,0
393,1,Antonina,Vergerio,2005-11-21,anita84@example.net,+39 0364155737,$2b$04$3uBl.x0AukNfvrEtpKmJmOV7TQQgJeN845IFMEhjpmfTp4E6elTBG,0
394,3,Raffaello,Balbi,2002-01-05,monica87@example.com,NULL,$2b$04$lXU1xg0FjYXBY0HO1ebEs.0Xiaystl2u2e6hiv3Rl3BeohillNPda,0
395,3,Rocco,Corcos,1993-01-05,benito29@example.com,0896069400,$2b$04$CA9DgODSS3EJUZUxMu8pjOoZgDNmZKJqQaaIrRQQBPs8h0l3iVF5e,0
396,3,Alfredo,Ubaldi,1996-06-13,cendronadriana@example.com,NULL,$2b$04$U0IqS5Eu25DAJHEfghjOyec4bLnjgC15yzt4U61sMHwBxxv6ebm0q,0
397,1,Nino,Bembo,2003-11-15,zrosiello@example.org,NULL,$2b$04$Zypcuozq7LhV74SBjny/nuBSxc5/jL9spraPx3m34vGBjoWw7EWnS,0
398,2,Giovanni,Tomasini,1993-02-19,saracinoalderano@example.org,3906615544,$2b$04$nWN3T7Fm.pk413L4UT4BveUEfRhjJiGs2FaLsIC6O./y4yMD0bJ7a,0
399,2,Stefania,Magnani,1995-06-21,dolores62@example.com,+39 0408225123,$2b$04$9ubf9kN8suC5j4UVHDbV.OMnRHSyu4KAvBo2JkSJC/Gco8dp16n2O,0
400,1,Maurilio,Garobbio,2007-12-06,puccinibaccio@example.org,0789687297,$2b$04$DcuwGKkkiZvd5/ef3HkWoueh4OsoJK2eJ0.hrer3HeLHRhBv/XCPy,0
401,2,Vanessa,Campise,1990-02-09,gianlucagregori@example.org,05737988926,$2b$04$nZnxith5i1AL.cXT7SjKSe84PU8z.VfKfWEq04RIDS6jsBcpq19tW,0
402,3,Eliana,Pisacane,1993-04-20,dgabbana@example.net,09217148525,$2b$04$S8IVOGa3LUL0Gzv1xPWp8.giXKRvglPHSfQhvZS05uEsSGw16zISO,0
403,2,Livio,Samele,2001-02-05,fvisconti@example.net,NULL,$2b$04$v3y69UjtEB6h82tLlub3ru4qrFCNgWd192kkMH5p8PfJcAWTAY58y,0
404,2,Ermes,Callegari,2002-12-15,erikagemito@example.net,NULL,$2b$04$S8WNynKtHOsoyfYnhHkRiep.kN7gxVDEiRnSTpWVG98AW1qXqhHxO,0
405,3,Lorenzo,Fornaciari,1997-11-12,bianchimargherita@example.com,+39 0365723626,$2b$04$DhyE8D3mkIJAOodoIuhD8euNK6rzGgcai9stpREW.dvqH3vKr8eve,0
406,3,Caterina,Semitecolo,1990-05-10,fortunataroncalli@example.com,NULL,$2b$04$gvcqIbRGKap/Y.r0e2Cm2ehYtelN3zz/gLXfn91ldivdT/snT9Hvu,0
407,3,Valerio,Camiscione,2002-06-17,orlandogioacchino@example.net,33116601446,$2b$04$n0OpWRgz1ZNKQao3jQWBXuvjGCaoLCFFe0iX2xXuJ7J76OioNTXpq,0
408,1,Ansaldo,Canil,2003-04-26,cadornadanilo@example.org,0942966057,$2b$04$d3BoXF1lgAlV2h1EXhmuYeHC83TVvYf5Jqclpo/112wq5HkqCvE9C,0
409,2,Manuel,Satta,1990-10-12,marissa23@example.net,3466527159,$2b$04$jHJ4z4elPuef/mggHvS1Ju1W55TAvd9TAt/JP7dAxoKAVnsJOt3Nu,0
410,3,Franco,Mastroianni,2003-10-03,maria88@example.org,3513131194,$2b$04$6Qs2Y9TnH9CJNZ8L4023juVxpIll.kSkzAozmxuxbLsQo2xYuV/96,0
411,2,Alfredo,Tagliafierro,1992-09-14,robertagaliazzo@example.org,+39 0774320437,$2b$04$aKWsqFoPhW6sZrwTx1aZ/.1qhFq6mfPMyn9svHCRLRTCMrbX1.6HK,0
412,3,Greca,Chindamo,2005-03-11,sonia38@example.net,+39 0324878518,$2b$04$kZBtu.eum.U00EgTgWlUQ.xpLrVGahWbAFJZGp4gwLWelhNo0fefC,0
413,2,Guido,Grifeo,1993-11-17,stradivaripuccio@example.net,+39 07323748432,$2b$04$oArsvP6jNU.Czlb5801duuqnWWPZ/HXZWG2YyoLSVFgHVBEKEDKp6,0
414,3,Lina,Casalodi,2002-03-14,camillo16@example.net,3916672525,$2b$04$eChCwohmfFkJVNwTz0rpeOD8oWMdvvJIiP0IkkmgnEzoU3YqoOVZu,0
415,1,Achille,Trupiano,2004-09-05,agostinellimarcantonio@example.com,0141995122,$2b$04$/vejOYgjOoIDGzS73CrsM.tu6C/Gz.Y/hZxMZrOxwDhyW1E259NDe,0
416,1,Giuliana,Esposito,1997-12-08,vittoriacalgari@example.com,+39 0974295787,$2b$04$HoffFCaY26y5Y769lVr.IuoQVX/uxD.ktD0U6STgvSd411KL4MQLu,0
417,3,Filippa,Michelangeli,1998-02-09,pvergassola@example.org,05712734661,$2b$04$5ftbPX2apWzYu5qZeS.d7O3b3z1t/kUcpDQNiA99JxurtnFiT.tlu,0
418,3,Eva,Mazzini,1999-03-21,udinesialphons@example.org,0713580680,$2b$04$vIPvojyo/6ahiYYQxy6xKu1ay3L0KXLX0yMhs1tsW73wCpOaO.n3u,0
419,3,Ottavio,Geraci,2005-09-21,romina60@example.org,+39 09653946936,$2b$04$m75xsf5fnqgHClezEs6DS.0juykhAGz.mRoRCYGSbW5F6eEeqQlgW,0
420,3,Marcantonio,Desio,2003-03-22,giulia64@example.net,054194116,$2b$04$5hdY8P1ijGPI6AsSNWEIbuuzQKvcDyJYvu3AaU5aedODbnhjUqhhq,0
421,3,Tiziano,Fattori,1997-10-02,lilianamerisi@example.org,NULL,$2b$04$Psxg/5SKhiMMBt0kEc3mwe8guLjFAeLHebduLTbXkjsWHCdJiwjx6,0
422,1,Rosaria,Gozzano,2005-01-21,anita22@example.net,018311688,$2b$04$x18kXeoGZix4yoYdMsE.Ru.8Srv6/IvXPIi1.EvWRtak8pmMToYla,0
423,2,Ignazio,Pederiva,2001-10-14,rgioberti@example.com,0578772783,$2b$04$CA4gFaqCBM2P1fMsy0.KQui7vEdiXGKli8WjyqGb2ejLtklmcChxe,0
424,1,Martino,Modugno,1992-11-18,uchiaramonte@example.net,+39 04813393975,$2b$04$Hn4FpitItBOjDwvN0sTb4eYkB91NRCTzQUCW5HDbnCwMq/pmwZ5SC,0
425,2,Alfio,Foa,1992-04-26,qzoppetti@example.org,NULL,$2b$04$5K.hEgOHBsr6xxdzJQjT7.xcmWLV/fst0YrJim4WBvH3fwonMhls2,0
426,2,Serena,Bulzoni,1998-08-03,zaira53@example.net,+39 37743415997,$2b$04$T8CtQuqYbeOKOpssIfeQg.gFDcxsMY.CAO1Agbb57XhjEDgHknz9u,0
427,1,Renzo,Cagnin,1993-07-16,chittolinitiziana@example.com,0707209570,$2b$04$bMatlRjcwH6eu9JR7kp2zOjWjaEgnHbCdvP9qr3ixM0pHUJR0MZ6e,0
428,2,Nicoletta,Taliani,2003-06-28,procaccifabrizio@example.com,0424848072,$2b$04$2WpEmWeWaqqshv1HbSOKWOHlSA2zXyHVO8DeKxrvOH1I2y7Zl/b3i,0
429,3,Galasso,Segni,1996-07-05,cpedroni@example.net,36365586624,$2b$04$ABIeCGLqIw851yP8IvAks.786S/IAJy42n5eIZhb1JKeDZg7OiYgu,0
430,3,Nina,Ginesio,1990-02-11,borrominiagnolo@example.net,+39 3455912971,$2b$04$PnhwXOSm9IubASufWsPTbOhyqlOdGo0qmHzWHenXaJLlMlvOkuGFS,0
431,1,Ruggiero,Lupo,1999-08-08,rubbiafiorino@example.net,+39 030234289,$2b$04$pjXK3K0zohjumtE..q4S9uK0OpTbxW8F4B/kJuETOiwZwaD5ojCWe,0
432,1,Baccio,Bixio,1998-07-28,tafurimatteo@example.net,+39 35136170199,$2b$04$lc7m2aKx7tNVJebuAZuRY.mr4MDt6iQen1xijmOHv2X0bwEDZk2Km,0
433,1,Elmo,Pavarotti,2002-06-19,iarmellini@example.com,375726506,$2b$04$MrT88BChgweWWr/4Z6EuD.ds5Kc.rcFzQ9N4Z4pk8mielsKVl/mvu,0
434,1,Atenulf,Nitti,2002-08-17,boitaniluigi@example.net,0975423877,$2b$04$xHmHP1VHnNmgDmKdX2XoV.LGSDdNyzNzqAaA3TW8xc5I6IV8vOz6S,0
435,2,Gioffre,Forza,1992-01-03,gloria35@example.net,NULL,$2b$04$vKuyJyAiiKnAmmVHW83jcepDlXKi7YpFJhytv6LjPsyqAoUM3tXgG,0
436,3,Tiziana,Caetani,1993-04-07,ncomolli@example.com,+39 08977941732,$2b$04$NbGFakXYwdkJsa4F9kIRAukFlZmlCcJLqgpTi1OpMZCK4/hiNEnYq,0
437,1,Livia,Bignardi,2006-05-16,venancioterragni@example.com,+39 3806604430,$2b$04$CMSmDxBCBDNsVNJ6mK0WK.T5Zl5JUoWB7CHbb2wVnjQ9lzHrKDL5C,0
438,3,Delfino,Bernardi,1992-05-18,amanda75@example.org,37106806529,$2b$04$L86bCMfQQy2BFTrgHcvUv.5o02suemHzUzMRBj4pmIVT28d5aIHyS,0
439,1,Pasquale,Verdone,1994-03-09,trezzinipiermaria@example.net,3622813723,$2b$04$mVrKIjzFheg4QabBXxZfHuM.R6wfe20m7NOU6iPyZjRXVBAvd1q2S,0
440,2,Marina,Luzi,1996-01-13,qariosto@example.net,093110390,$2b$04$QF0b41Nn75/hu9vdcM34jOQPmwT0eZGUfq3efvjFq5BQhBYTWG9l.,0
441,3,Mario,Ferrata,2001-06-18,viridiana46@example.org,078207986,$2b$04$CpOVK0eFQt.jLhGLsSLq3OknuIru30E0fsPaSC7F/gwAupZQfljJC,0
442,2,Alfio,Mastandrea,1991-08-25,gaglianorenata@example.org,0429765767,$2b$04$vZyfDR/8q8YnLMl9g.x5jeiYyA7cDDg1Z2OZ6pC53.qSU5M0N5g5W,0
443,3,Nanni,Gabrieli,2004-03-04,piersantipalmisano@example.org,0737040147,$2b$04$1z0HGEW4PBtZ4im2RXDmCeu2amJr9iWzckNxyeWWnA9ZEx.IEk5tS,0
444,2,Greca,Correr,1990-06-25,bacciopetruzzi@example.net,014107676,$2b$04$NNzreQ2B10YK5ZaaS.cNC.qq8uc1cb0gjl7zYssi/GYzw09XPQTPa,0
445,3,Iolanda,Staglieno,1991-07-17,laurettabellini@example.com,0321957785,$2b$04$i0iAeioCxZtKfEvquxVYSO83cFEwBxiicEpCrYg35Ngd0AzMfn4C2,0
446,1,Valeria,Cibin,2003-12-11,micheletto77@example.net,NULL,$2b$04$jvH/.6OlB4vC1g3h3Tdtl.T1pLjeRYUnhcQI9QuVW54IEgxQ.K/I2,0
447,3,Umberto,Cammarata,1993-03-20,gualandiamalia@example.net,NULL,$2b$04$ZUwpRUE.4X2rBMn8wAdsNO58f8Da7biLqmxmJZgF2mb5rqfUIV70u,0
448,1,Ermanno,Farinelli,1997-10-11,tiepolonicoletta@example.org,036514364,$2b$04$7Xn1gHeUtsxTmmcG25xw9eapA8g54kiuNqcCes/D3YXTosYJAxTQG,0
449,3,Donatella,Sobrero,1998-10-11,strangioamedeo@example.com,0583047689,$2b$04$buqnElJ.YMPnr8JjH8fXd.qzK.B6ZyYpXnCDJ3r/DtTIYZ2lukvO6,0
450,3,Amico,Miniati,1990-08-23,amanda73@example.net,0324029081,$2b$04$zP92nhoUqqUoX3UWI6zpwOdggGy6GgVIPBmubHFdyG3aJ3Vdsc6qG,0
451,2,Santino,Speri,2007-06-11,adelmopedersoli@example.net,+39 32460423531,$2b$04$45GO.zu0tSN8MgJFq2uFYOwDpHv6rGyi3AnmLeXDVTQk3hNpWQZKu,0
452,2,Piersanti,Boitani,1998-12-28,broschigiuseppe@example.net,081683210,$2b$04$oQD7boBRukmYVbEW7vgl6u7g4CzXtQvkFIWBn0U.hHxLBITLnqrXe,0
453,1,Atenulf,Toninelli,1992-05-21,carduccivenancio@example.net,0958042533,$2b$04$ThebIF4FKgQs/oiUos7peusnn.zsRS.j2gMKwPtY2ITlhAp27KmRW,0
454,3,Elena,Ponti,2000-12-02,gianluca46@example.org,0163560357,$2b$04$ToArOYCHdCL84NIA3MKNvuQwWcWDF/c0FUWpcS7JgdiuwsAb5P/ky,0
455,1,Napoleone,Letta,1991-11-24,dlollobrigida@example.net,0549895476,$2b$04$Q5J95JmH9oovZgXsOyMHYO37g1Fy9tE1ogNVwgm4ExaJ.ruMrX/CG,0
456,2,Fredo,Monti,2003-11-08,qligorio@example.net,33639243539,$2b$04$0QpKtugxU16pj7D3umSC1.Olu7APjjJS5wCTHE.sfGTXA2n/Eij3O,0
457,3,Giovanni,Bonino,2004-04-01,delfino68@example.com,+39 01873477883,$2b$04$PAe3FBcj/OVWrfol4dahwuFL/8Rz/i7rss.kFTa4R3uBGQl4SMymq,0
458,2,Giuseppina,Ramazzotti,2003-07-23,annibalezito@example.org,+39 034259446,$2b$04$NdMTALp5w.j8UTvvTikc6.88Jwwi7HxZuZO6nvbZs1QT37x39Ib/C,0
459,3,Diana,Jilani,1992-12-24,gcattaneo@example.org,0438379221,$2b$04$KXgNeeM7es4aY0aJcFgG1eXuGZWibm8IJEkruvSrL/wpp.cO0gwca,0
460,1,Tonia,Strangio,1991-04-18,vtrevisani@example.com,+39 0861896792,$2b$04$tMy/FPL9vQKW.RyvQetq.OK4A78ctHhXZoUFgrUulwL4LEgVsaisu,0
461,3,Baccio,Samele,1992-09-13,pellegriniantonietta@example.com,07007676143,$2b$04$N2VGSl8vsfCUdHIc1GYgienJWtCZ0PbjJNo1k0kZhs8W8jVPxFbZy,0
462,1,Giorgio,Botta,1993-09-11,rocco24@example.org,053623642,$2b$04$1JuMWPvpf.gCsmtBryUWVOmFGDtqbFQVFxE0WEmeP5oxIyghe0JqC,0
463,3,Delfino,Scandone,1999-10-16,lidia22@example.net,+39 048105248,$2b$04$ikMgkdi/wPFte4.xGk2SvOiVvZXDR4/ZqzkxE5YqUt0VV.JpdiDQW,0
464,1,Achille,Luna,1999-09-10,ztrupiano@example.com,09318687894,$2b$04$SgQX21GKYqEtH8HY1lJVzuQ03exzQC47J1qV.8JukTLOmoSjXs7k2,0
465,2,Luisa,Comeriato,1998-12-07,pcilibrasi@example.com,04812037467,$2b$04$PzR7A0jlH8uIW41pbdCXH.nJNnhLE0a/W5Rq1.KBzaZm7OTogRpgu,0
466,2,Stella,Soffici,1997-08-12,nigglimarco@example.org,3500820120,$2b$04$2eQZURpLUd8sA/xsIulolONAEZoq5AqlxWo0s2oYSC9Ri9XQH2WUy,0
467,3,Luigina,Zichichi,1999-05-04,corteseraffaella@example.com,33474223143,$2b$04$bqyK4AP0juJ1QtZN5GHfVuIcpAQdxQPxQBThDEv95aRT0N9NEN6nK,0
468,3,Giancarlo,Scotti,1995-07-27,giadataccola@example.org,+39 3367595745,$2b$04$rsWchScNk2z2P.GyTK3uz.vi4IBsYdGLRllXIMg9d8YkqN.tHTUv2,0
469,1,Gianfranco,Galiazzo,1998-01-10,ronaldocorrer@example.org,NULL,$2b$04$O5lHLvZBRp84v9y6KWQdX.w2VxRa.n5mU2rlEYLUEjWAXXqZlsxAi,0
470,1,Mariano,Paganini,1996-08-21,marzoratigianpietro@example.com,3505693663,$2b$04$0dF8O.IpvvSWt.EEU3xhG.S6EGdKOy9hptcGSSHlSw7hZWGhwImqG,0
471,2,Rosaria,Ovadia,2001-04-27,gelsomina91@example.org,+39 350545109,$2b$04$qDFm9VwdS5RnMmMiLnInGuPxfWkvqwU3PjCw4K7.RWDXYx9MWYaoO,0
472,3,Stefano,Garrone,1999-03-04,amedeo65@example.net,+39 3627758446,$2b$04$jK/Aj4S205Rbkm2SSwiiGOCHeke.x.VQzrYVd4snJZhXvVnKDMTN2,0
473,3,Pierangelo,Castiglione,2000-04-02,jolanda37@example.net,+39 058726351,$2b$04$Mue6dJNTBhd40h4vKGRdGeSOe40Fd.9BNYNPYE3NEjmttp5NlV5oe,0
474,3,Carmelo,Spinola,2000-11-08,enrico02@example.org,3774432605,$2b$04$4IY0ZOhlTA1.eztnDkUGIuIMEHwkv6cwQVsOhVM9qmFjj3SOOQ9BW,0
475,2,Nicoletta,Barracco,1997-12-16,sverri@example.net,0165450696,$2b$04$CHktybdTAuwGb8Tke9bA4eiQy.DRS7IEpwN5N/wEWP1B9SdfG7Rmm,0
476,1,Puccio,Bellocchio,2007-09-06,legnanteadelasia@example.net,0124849071,$2b$04$o3jfHmrZD8tMQiiYuFa8jODqLeghd17aEuprLSN67km35qdfgTlBO,0
477,2,Pompeo,Fischetti,1992-11-07,milocagnotto@example.com,091811210,$2b$04$q89FEaS9YI3BzARW6sgIQeMjSw3PGF2SKtbkAAoCdhR.0WPnCD2m6,0
478,2,Aldo,Brichese,1997-05-21,cutuliennio@example.com,+39 08838375061,$2b$04$WRiK9KmkwUh3gy2AI.eQAuxNi6TuMEcWCaS/ilvcTyEqkYOgJfCtW,0
479,1,Amleto,Sandi,2000-09-24,adamonorbiato@example.org,330560571,$2b$04$ezuPKVmmG/6Df8di2l9rlOEwMlnIYIrH0nE3oHjYY4ZUPjum6HK6u,0
480,1,Edoardo,Guglielmi,2002-07-27,rcorrer@example.com,028517446,$2b$04$uj9QVz3Z4kJMlty62ufVO.D8TneO6JXEtYpWYcBEKl36vdw8DIVMS,0
481,1,Lorenzo,Vidoni,1995-08-06,vezzaliaurora@example.net,NULL,$2b$04$FX5zhPAxskBGNqFoBgk.V.7ERVVnZPvY.zFmt8cxP4FpvZH4YRB8e,0
482,2,Pellegrino,Venditti,2006-01-10,iannucciermes@example.net,+39 0305229103,$2b$04$fblJXkgjEyLJlZu.o9ZZS.J9S.92arCccwcCfCnckStF/eSuKjwq2,0
483,1,Piergiorgio,Lupo,1997-05-15,gionata91@example.net,NULL,$2b$04$w0aiC59wGrhFG/JuRvb/z.yKkiRqj8Fb7aKANldDtIL1qit4MSEci,0
484,3,Giulietta,Peruzzi,1991-08-05,gianlercari@example.org,NULL,$2b$04$YqfuWCrcQlEU7x4LZf3j6OseoaVOuODiTT/JgT/dcNx7L9PGMNbIu,0
485,2,Sole,Combi,1999-04-26,ottavionitti@example.org,+39 0832746047,$2b$04$.r2jIev2GIY/dU0AQQ9bFeBOL1/DV0wnUk55tRZvzoGaWmmxLBrIy,0
486,1,Galasso,Leonetti,1993-11-09,rpennetta@example.org,0438720373,$2b$04$9QpniRnegeFL/cYOA.djiuvb3R3.XGAf0StN6SUhjKl7FUTRdutsq,0
487,1,Eliana,Tamburi,1997-05-19,contarinialessandro@example.com,0925507326,$2b$04$oCsC6TgjwtJPEHKpOrK.Au56Au6hVh/JcjS1ZJ74MFQZjPE7o6.uq,0
488,1,Puccio,Zanazzo,2002-10-28,borsellinoclaudio@example.net,+39 045603768,$2b$04$hTwUTb3WsaZukR07VQ8JD.gLHVnr4ggA02Rp87rNlcLZMq9IzEqPm,0
489,2,Morena,Valier,1994-09-11,antonellosilvestri@example.net,091207365,$2b$04$N9MbPk4rJmR1D0fvnflh5u.zNLNdviv33P6ZPGf3vVTrd3VzsVad6,0
490,3,Livia,Errani,2004-03-05,ramonaforza@example.org,+39 054570739,$2b$04$6wW4DX8LiLPapsmms.Sdcea9nsixh0qtV.WzFw96S7F8IkAncbDCG,0
491,1,Benito,Cortese,2007-05-13,bcanova@example.org,+39 0523888997,$2b$04$I5qEfufkbnNLjKSd5J.ojuUVO6EJpf6mYlvdmz4utA6aXQ.vSfCkC,0
492,2,Daniele,Celentano,1997-05-19,giacomettiloredana@example.net,+39 092376920,$2b$04$xcqEv8zT35GJPKPvddZm4O0Lz2ag8j7/75l0RlXHi9sZK62UqgXgu,0
493,1,Camillo,Trapani,1999-11-12,eleanoraroth@example.org,3418157240,$2b$04$e6tO8TkX.pHnGhXVysgKseBCYcomwnqdeRLjEQdQpS3okOsDZ2Yb2,0
494,1,Milena,Asprucci,2004-08-10,mauromazzeo@example.com,+39 3888444214,$2b$04$FqXrl7C9vNPG7nbt4OogQ.Q.fA2Bbp3n2Wmv9n4fcBQBI3BnV2l6S,0
495,3,Massimiliano,Brunello,1991-12-25,lidia84@example.net,+39 0734691368,$2b$04$6.DFliwTJu8EEoVkXeBpLObgyMEkfNhlb3ymTg2QhtmjwhpauBDA6,0
496,1,Martina,Trincavelli,1998-06-20,dinoboccioni@example.org,3900164814,$2b$04$U6NC2wV3VJEWkVpWvwFHgejSxrofV96L7HfxqlBoF5fVmCWCJKSma,0
497,1,Antonietta,Martucci,1992-03-15,kmalpighi@example.org,+39 379262586,$2b$04$8eDOfiGort7eb7LOzD6WMuYr5tZAj6XmCMj3Om2SH6M0ZglcB6KR6,0
498,3,Lando,Fermi,1996-07-23,brennaruggiero@example.com,073644898,$2b$04$yOmanubtlCR7AG4PJnHeEe8WFwUBMclcc/QoCml3.n5xHPfZAKpSe,0
499,2,Fulvio,Trobbiani,1990-11-27,bianca51@example.com,+39 3912111971,$2b$04$mK26ecEUwjCYib9jQNuuD.8ycNVHj3Uk5H45uyFFcBTlDxj.O.7g2,0
500,1,Cesare,Scalfaro,2005-09-15,uviola@example.net,+39 0122230096,$2b$04$n0mD7z9luQ/7q7rGsRyl4eZfLetjAh9yZPwqmdNr28f72BlDxM5cy,0
501,2,Nanni,Muti,2005-10-04,valeriabevilacqua@example.org,0974118943,$2b$04$b2lmAbNoFBYgWeaCZudGFOYtH7ld57hRUByEAFRIjsZcsVZLX1.s2,0
502,3,Amleto,Majewski,1991-04-19,umbertovalentino@example.com,+39 37105053760,$2b$04$jACiyuHEsJd3OGryA3TvMO99RloIvROYYsU.StP6zGzx99NC1vZqS,0
503,1,Rolando,Bonolis,1997-09-15,lucrezia31@example.org,+39 0515506889,$2b$04$Ny4Dta8SLlTekWsOYhquxer0WJtPmyhkzzpNPWb2ZIc09jh4eJzq2,0
504,1,Gilberto,Sinisi,1992-02-17,pierbeffa@example.org,+39 3520591017,$2b$04$iWwPE3wt.x1tQS5AKwYvxu7xcXHLifVj.cwACXjd5hxNmf.pSpCTq,0
505,1,Rita,Viola,1993-03-17,hbruscantini@example.com,+39 0905969329,$2b$04$GAG.3fmISmCCcIeFE7qAIeiya8XLxZo/7QtgZuEs3sG2LAgUs8j8C,0
506,3,Pier,Ariasso,2006-09-15,zcostanzi@example.net,+39 0784607238,$2b$04$u5IibSm0pj7p8kCv6fbmc.gJeEXfQqbFFWP9xD5NEicQYjsYysGpi,0
507,2,Zaira,Zichichi,2007-07-09,bmortati@example.net,NULL,$2b$04$5Oav2YMyBaUlh1UNBy2.6eYPjXMgnl/jCMBxiS9dNF0rtXPIUoW2G,0
508,3,Marisa,Favata,2001-10-03,antonietta51@example.com,+39 32746823980,$2b$04$1kQs63ak/8AZnpZ2IO4/cOsYj.ODQ8i56zWHQf.mkGKFNPgU1WofS,0
509,2,Priscilla,Asprucci,2005-09-02,boezionicola@example.net,NULL,$2b$04$uBWUScJIaKxdk9pPOwDOSuS71rk2vy7Zi29kIe105dgkT1EGOoPqG,0
510,1,Giancarlo,Littizzetto,1992-01-10,alderano77@example.com,0731207262,$2b$04$NLKnIJrBOgaKWAAyCmE3d.QiyLU54IKvZFbJr0H2dDaoNl4ihVp/C,0
511,1,Fulvio,Fieramosca,1994-06-13,rodolfogiannetti@example.org,+39 37725523518,$2b$04$cAxWI2O6Xnq4okY24nF6T.gQCJKi.9ri8z8DuWn9aES2NKn9jjL.2,0
512,2,Nicola,Cassarà,1995-02-22,giansagese@example.org,NULL,$2b$04$1uY1s/TSkhHLjnqpV5LAlOybcIdD.53nNfefd0iOiPZwdOjkadrM2,0
513,3,Rita,Camanni,2003-11-28,isegre@example.org,+39 351177822,$2b$04$84LMMpqPJvNbPa5tAaOsWOhdFJb.tR5gXhX/9D9RmW.xEt2jFkyhK,0
514,1,Sandra,Totino,1990-07-17,alessiametella@example.com,+39 0575397076,$2b$04$tdf5yf.AlVnDzTtsPkxL4OX29EQ8w6mzwKZqsiKdg4yIsCYWjRidy,0
515,1,Marcantonio,Cuomo,2007-01-10,persicogiovanna@example.net,0123587149,$2b$04$Lmrls9WxEI4kZcHM1tWrpOnpz74ti/.x1mA32mOaik7Z6JtD.umte,0
516,3,Ermes,Celentano,1990-07-18,montaltinedda@example.org,+39 3348694849,$2b$04$fvLbfd5VPtBYrPhycbTEsOMLf9Nj3DRTPSqSELtQcyNQ15yM/nx8y,0
517,1,Adriana,Fanucci,2000-08-12,salvoguglielmo@example.com,+39 3776917796,$2b$04$16xPikj/LJFabFjHpj6GJul5Ei33i6N1faRVF2CsCXW6WgItxpbFK,0
518,1,Arnaldo,Jacuzzi,2004-01-26,oniomargherita@example.com,343957900,$2b$04$55oNSBotSmI4GFoci8sf1u1ezroMczGsE9NrNCMFj3VSeQG8rMEju,0
519,3,Aria,Jacuzzi,2007-04-07,mgaribaldi@example.net,+39 0577624157,$2b$04$QujNop9fnx7XnzhvQXwutO5i8TsqUmjU4bJD35zel3B.iU6RL.aqS,0
520,3,Fabia,Stein,2006-08-20,orlando85@example.org,3837443039,$2b$04$wSZx.0bTVHDH7ZIMzno9bOmOwZL8WCGTzbDaP.F4IutsRF6Jbtymq,0
521,1,Corrado,Molesini,2000-12-02,gaspare13@example.net,+39 058793678,$2b$04$/ETB79Z2hhaziHPCHTV.3ewPPnlS4x/fUCEQPYjheKoYUk//JRKlW,0
522,1,Venancio,Serraglio,1990-04-25,chedamaria@example.com,NULL,$2b$04$0eumu5YRK7bJFJim1uP.euRJdbO4FerkJ2n63MLtbB73H73vDG5WW,0
523,1,Adele,Roth,2003-09-10,lazzaro22@example.com,08745485959,$2b$04$t/TW/bVKb3OBJKcwXTqV2OShDJVd.0s4mXrfg0LL9XtoA.QGrVVp.,0
524,3,Gilberto,Chechi,1997-10-20,modugnostella@example.com,+39 0431055708,$2b$04$/IN3V0yOYKA2Z66JTPPgReKEfB2IiTTTpS7YRTbMJj/Goc5NfJtEO,0
525,2,Evangelista,Ponti,2000-05-05,ludovicaalboni@example.org,NULL,$2b$04$U51E94sMR6t/mqxeTV3lE.b9xyQ4bW54Xg39I9NHg9tZnRFz5sJ5i,0
526,3,Adriano,Marini,2000-07-10,biagiottinicolo@example.net,+39 3500183642,$2b$04$KlcfSVZ3uueVp23Ub7l4FOxBhIh.35cYB2RkVoEzcj5p3AEiDRpMS,0
527,3,Nino,Costalonga,2002-11-22,modiglianielmo@example.net,+39 0874768310,$2b$04$PQJd4pCFatyqTiQSfOl3mO8zjbRADHKKhtDZY7Ku52Ejnt9G6iwjy,0
528,2,Piergiorgio,Donini,2006-06-21,renaultnicoletta@example.com,+39 351843882,$2b$04$LcPXQF4UneabPXaULzO4AOCX2.v4u2q7BOsdccjwtN5j7jvIKLJ9O,0
529,3,Antonietta,Monte,1997-12-14,stefania49@example.com,+39 042179970,$2b$04$uP72yYHIF2xjGTQco/H2YuHv90/6G/0dZi8XVKBuGdqpY5nCfk97W,0
530,2,Paola,Caironi,1995-03-25,nadiaoscuro@example.com,+39 09313200498,$2b$04$K/kK3z/QCPCd62351keN6.cq3unn.WyWDPnbFdsYS1wj/DqEakgye,0
531,1,Fabia,Bragadin,2000-05-28,costantino71@example.com,+39 3772391020,$2b$04$cImYm/i1O7xhuUA4CDejW.epx3D.wVEk5XK0AZJnur10a8ym6E5pq,0
532,2,Emma,Coppola,2006-09-14,danielefogazzaro@example.org,NULL,$2b$04$ed8vIOGXcB4ywmFWGGFhKeahfFa3Jpy4mc06cWGFKD9kR9Hbg8.C2,0
533,3,Luciana,Trupiano,1991-03-13,mgrasso@example.net,+39 0161493663,$2b$04$L3uPHUnLj1EPl0RcmEswquMjochA5rRmxwD7RcxKls8wMq7wtMBYW,0
534,1,Marcantonio,Chindamo,1997-11-03,cassandraludovisi@example.com,NULL,$2b$04$TfSuByRADJj/eJ5vTqnFfeNnA1Igz72QoHm9Ows6FXmlgfVEaroUa,0
535,2,Priscilla,Antonacci,2005-09-24,germanorodolfo@example.org,NULL,$2b$04$mOMM4l22GZtCJDhqvux4qeW0VC92PMZYmkhaAqlJW8y6QkhJKNy9i,0
536,1,Milo,Cutrufo,1999-07-22,jgianetti@example.com,0184299076,$2b$04$Fy7wl9y89xTYl4jP3qE3xuHtF0C05zLI3DwPk8VZeddZIX8GCsq6O,0
537,1,Alderano,Orsini,2005-04-26,ktamburello@example.net,05886491595,$2b$04$/BzkEW2Ech2FITKIz9pNuu20vFmpUaXnI8WZO6K/KlaD8APvqEM/u,0
538,3,Ciro,Salata,1990-04-16,wleopardi@example.org,0376680807,$2b$04$fpfAAoOmJCp/DWE.le3AmOcOPp/o6Lrnh88SQAXxhXMNeuXhvaE6q,0
539,2,Leonardo,Filippelli,1998-01-07,hdulbecco@example.net,NULL,$2b$04$5B02Tjyy3iF7F0lkKvevAebFrc43IrDQjWdiJQUBE1TZjE6kBVCa6,0
540,3,Priscilla,Rosselli,2004-12-25,rosa66@example.com,+39 0305918320,$2b$04$o9Y2.2eh8ZRyr6Wt..ru.edThDefLAEiDQ6TQyIdnUtb.jUbMEk.6,0
541,1,Alessia,Villarosa,2001-07-08,zanichellimaria@example.net,093405315,$2b$04$2yez0cLAdKeJ8oIaJbpZSOnfRGAkiFdGgEyjKhMedpn9XWkiB20sK,0
542,2,Orazio,Viviani,1995-08-18,claudio66@example.org,+39 0434740773,$2b$04$dvUeGt7qESpWxg8m3qbEQuywZ0S5zH3oqzFE7PRp/f7aHrKRx0Ryq,0
543,2,Giampaolo,Schiavone,1999-06-17,totinoromeo@example.net,NULL,$2b$04$hEIlrhKvtG/AYyhCW0ggHOu4c9qUyEOaT/W3QgAcjAayIBW5ON0m6,0
544,2,Carolina,Tiepolo,2004-12-16,hcomencini@example.org,377608894,$2b$04$qHHIVWi6EY26EX8fACMTXu02V2e3YGKN8p8yRKJoUTV3oW6iRa9C2,0
545,2,Adriana,Belletini,2001-06-11,usgarbi@example.com,+39 37102369191,$2b$04$c1hFLN4kBVoLWX8ajWuVBOJSxx6t5xUCs1FJbhfiB0tCrRhcsKuT.,0
546,3,Antonello,Nonis,2000-12-05,lauracasagrande@example.com,+39 3809615608,$2b$04$On6vQy8ji3i9Sj97ObTxl.3cJN57qUxW4.lR7EXfCpSsnyvxJP05e,0
547,3,Iolanda,Longhena,1994-05-05,ipassalacqua@example.org,3711960472,$2b$04$aK/ZJpg9KZs8hT.d3dFidOqvzuY40qXi/m/S8Sd.WveAwgPuH/OqW,0
548,1,Vito,Tassoni,1995-10-27,dianabasadonna@example.com,+39 0521672870,$2b$04$o5yZ5NwPB43bmT8CWesMAuRK58XCPXTSVKDA5BEES/W4kmtBCelVu,0
549,3,Liana,Pistoletto,1997-05-25,mortatiflavio@example.org,NULL,$2b$04$5bxVJgA.rIRnicuvKAE/4eL.M1aywhBr7oK6bBUoWlLRDH9ZtAxRu,0
550,3,Jacopo,Legnante,1992-08-06,zolapiermaria@example.com,+39 080718249,$2b$04$bnrcp2TOSln5q.5cnwzvmOgLuhDElDloBZO3M2ErA/BL7izL7VnrK,0
551,2,Ilaria,Petrassi,2002-03-24,gmazzacurati@example.com,361155945,$2b$04$wGXpYq3jZGBxhPfgsNzfRe6PvFwCYpzTESl/.S5Iy6hJawIOJYTHK,0
552,1,Adele,Vitturi,1990-11-02,afogazzaro@example.com,+39 0736218945,$2b$04$iqxa/bfABAbap3dcGpZXZ.ElBIQQd6/kVoxLygZquKE/qxjrG39Gm,0
553,1,Puccio,Tamburini,2006-01-14,ubenigni@example.com,03760456578,$2b$04$SbM8zJxYpQ6y5AHEYkKZ6u2nrryjY.oSQtNYxxt6Iv1rA.QpTqgqW,0
554,3,Imelda,Luxardo,2000-02-23,canovaparide@example.net,0974953002,$2b$04$jpT6deog/IpkjXzLrTupf.JZXZrvImPXteii9YrxJXcicyW2R.KFi,0
555,1,Serena,Telesio,1991-08-12,vittorio86@example.org,+39 32080179878,$2b$04$uOI1xT/wsLnQShTkXi2VM.YGcr.Nz.GuCVa/TdNseEF9ItQPDZZzq,0
