AuthorID,FirstName,LastName,Birth,Bio,IsDeleted
1,Gaetano,Zaccardo,1971-10-14,"Giustizia sorprendere treno poeta. Presidente ecco causa accompagnare e.
Marito addirittura insistere isola. Cielo sposare spingere fine correre.
Grado proposta prato porta. Vestire moglie addosso davanti civiltà mente conto. Rompere principio dimenticare moglie uno.
Avvertire trarre coprire. Secolo tranquillo comunicazione infine. Studio carne estero sotto lui bianco partecipare onore.
Ampio insegnare contro bene. Gioco io giardino automobile.",0
2,Maurizio,Zetticci,1962-10-14,"Caffè ammettere serie inizio provocare avvocato durare. Principale ragazzo ognuno lontano oggi li necessario lasciare. Morte scoppiare potere labbro animale.
Disporre animale alzare ma pagare. Tempo grazie opporre carattere divenire articolo.
Prova tacere regno uscire scherzare. Raccontare contento ridurre industria.
Inizio presidente tutto aumentare caso.
Comune scoppiare servizio coprire. Proposito necessità battere condizione. Libero numero pericolo buono.",0
3,Ronaldo,Leblanc,1937-10-14,NULL,0
4,Cassandra,Foà,1944-10-14,"Vostro stabilire roba rivolgere stringere. Mandare capello realtà qualche quarto contenere.
Condurre proporre a scoprire villa seguito probabilmente. Verde perciò dietro scappare appunto signora polizia campo. Valore partire tenere puro riprendere medico.
Amare bello affare interesse andare colpire bisognare. Passato cominciare oramai guerra seguire. Studiare compiere annunciare importante procedere prevedere base. Notte forse promettere giù città trovare.",0
5,Severino,Chiaramonte,1988-10-14,NULL,0
6,Maria,Comisso,1982-10-14,NULL,0
7,Ugo,Galtarossa,1947-10-14,"Fiore buttare pure sognare estate neanche nemmeno sole. Salvare dire morire contatto soltanto preoccupare serio.
Sera oramai stella civile opinione rosso. Gusto passare nessuno ordinare. Fiume giustizia un ripetere. Poesia numero recente corsa aggiungere presidente grado idea.
Dentro suo periodo no quindi. Finalmente aiutare scappare abbastanza religioso attaccare che.
Effetto capo gusto assistere assistere bambino erba. Crescere baciare sviluppo atteggiamento.",0
8,Luciano,Spinelli,1984-10-14,"Cortile altro continuo scienza assumere caldo chiave. Contrario foglia vista battere.
Pelle egli meglio privato città compagnia. Povero scomparire intanto posto dolce.
Vendere prodotto pianura conseguenza scrivere. Cattolico causa speciale mostrare riconoscere trasformare ritenere.
Comprare proprio perché spegnere qualsiasi estremo parlare parola. Messa latino poeta meritare isola consentire compagno.",0
9,Monica,Boito,1968-10-14,"In mestiere ricerca tecnico posare peccato. Affatto pure bestia nessuno discutere. Camminare libero gioco qualità meglio oggetto.
Signora primo andare molto persona riguardare servire pesare. Vita rispetto tirare professore evitare. Certamente osservare sopra croce inoltre affermare camera.
Passare corrente temere né. Mancare operazione potere. Portare cantare popolazione trasformare cominciare famoso grosso crisi.
Nazionale sperare naturalmente vino offrire ammettere.",0
10,Coriolano,Biagiotti,1987-10-14,"Eppure ma decisione conseguenza accordo poco epoca. Risultare misura elevare minuto posto. Accadere marito meno compagno determinare.
Godere qua sentimento celebrare qualcuno fatto. Procedere vincere bere attuale. Serie con terreno nascondere anzi film.
Nazionale condurre svolgere disposizione. Assicurare camminare estremo figurare sud solo.
Raccontare presidente folla rosso riprendere presenza. Ieri epoca mattino. Organizzare aggiungere invece isola tacere possedere fermo aria.",0
11,Greca,Rastelli,1985-10-14,"Conservare pieno colpa lasciare. Mezzo studiare passione lira ferire aria.
Valore lato ammettere distanza bosco. Nero sedere paese assai.
Onore nudo funzione ferire occhio felice angolo. Crisi centro corsa. Sera peso povero lui guardare.
Diventare seguire punta atteggiamento vivere impossibile campagna. Entro sotto ciascuno nave. Piano prendere giudicare spettacolo classe paura. Sedere piacere presso motivo difficile.",0
12,Milo,Abatantuono,1940-10-14,NULL,0
13,Gianpietro,Errigo,1986-10-14,NULL,0
14,Flora,Interiano,1973-10-14,"Attuale prima importanza fratello. Sorgere controllo repubblica aiuto elettrico.
Consiglio materia esporre davanti.
Organizzare ottenere magari erba regno confessare intanto stampa. Buono né amare notare.
Attaccare determinare dividere rivoluzione principio. Descrivere elettrico bambino ma servire.
Badare toccare visita corpo monte posto dirigere. Frutto se magari sorprendere università.
Fuggire cattolico rifiutare spiegare indietro. Dipendere piangere fra uno sviluppo tra.",0
15,Aldo,Alfieri,1985-10-14,"Scusare dinanzi condurre esprimere contatto. Sostenere decisione sonno soltanto.
Gridare stamattina dove presente ufficiale nulla. Enorme modo trattare motivo argomento. Vostro troppo almeno.
Oppure mattina allontanare. Svegliare processo controllo italiano pubblicare spirito importante. Ferire conoscenza rapido contro.
Opinione mangiare arte a accadere. Annunciare popolo posto tedesco generale.",0
16,Rosalia,Polizzi,1995-10-14,"Civiltà crescere sorgere pazzo. Profondo ammettere presentare giugno.
Costringere diretto prendere metà oggi serie comunque.
Scoppiare attorno quasi quindi sicuro domenica. Pubblicare croce fratello coscienza moglie sonno.
Grigio distinguere basso privato. Adesso cui avanti spettacolo incontrare enorme.
Oppure liberare riprendere stampa messa comprare motivo. Dipendere perfino ministro colore caro.
Storia vasto angolo inverno origine. Inglese accogliere viaggio don già comprare vestire.",0
17,Pierina,Cainero,1950-10-14,"Vero dentro assistere fissare bocca. Bravo comodo anima zitto ottenere. Opinione pezzo gridare destro.
Segnare internazionale quasi limitare scoprire. Porto intendere suonare sede. Base grigio dovere costituire rompere luna stringere.
Povero rivedere giorno senza. Misura prevedere dolce occasione neanche.
Ancora non sostenere aiutare. Offendere stasera sentire pranzo lingua. Matrimonio rivolgere periodo presenza.",0
18,Berenice,Palmisano,1971-10-14,NULL,0
19,Ranieri,Catalano,1937-10-14,"Espressione valere spegnere volto verità stesso piangere.
Leggere numero riva onore. Indietro mercato circa preciso basso.
Voce pelle limitare piangere loro trattare sede.
Orecchio dolore periodo subito silenzio avvertire.
Scusare volere indicare collo età. Giudizio assistere aiuto vivo stanza sposare. Meno fede fornire maggiore contro.
Milione mi maestro meglio strano piazza ragazzo testa. Signora importare parlare diventare spesso segreto lotta. Uscire fame occorrere spingere messa.",0
20,Rosaria,Ligorio,1995-10-14,NULL,0
21,Emilio,Angeli,1972-10-14,"Pietra teatro principale riconoscere. Vostro largo eppure immaginare rientrare trovare inoltre linea. Tranquillo tavolo peccato nobile animale grazie.
Messa pelle pianura passo erba cittadino divenire. Centro calcio mentre oramai o destro trascinare. Diretto dedicare conservare aiuto odore condurre questo. Restare raccontare prova scrittore.
Situazione passato lotta cavallo. Assoluto crescere scendere sud romano affrontare.",0
22,Emma,Angeli,1963-10-14,NULL,0
23,Benedetto,Cianciolo,1965-10-14,"Suo quadro minuto sapere.
Pregare appena direzione. Inglese esempio dunque bestia intendere aria. Aspetto politica uguale voglia grigio arte.
Casa studio crisi crisi prevedere. Permettere vino battere gioco. Male bestia bagno sognare chi sicurezza essere.
Male direzione elemento città sacrificio affatto. Roba dire controllo semplice insomma crisi. Privato qualunque atto ne rivelare sacro principio.
Peso cattivo strada pranzo invitare continuo mestiere. Voce proprio ah.",0
24,Ludovico,Campanella,1995-10-14,"Ritornare disposizione stanza ognuno base fatica. Conseguenza conoscenza esperienza atteggiamento porto. Idea chiedere pietra svegliare storico senza internazionale. Difesa enorme politica decidere ordinare niente ripetere.
Riva rimanere svegliare tranquillo. Ordine dolce oppure difficile militare mangiare trarre suonare.
Padre osservare italiano storico ritornare chiave.",0
25,Alphons,Avogadro,1975-10-14,NULL,0
26,Flavio,Morandini,1969-10-14,NULL,0
27,Claudio,Maglio,1960-10-14,"Circa attenzione scrivere città potere idea sala. Difficile condizione proposta creare diventare. Secondo sereno problema servizio sede.
Studio rappresentare appunto istituto ricchezza grado ammazzare. Imporre bastare rappresentare cucina.
Legge lontano guidare veramente tuttavia soldato o. Importante insistere presidente voce.
Bisognare conto ospedale bambina popolo. Inverno provincia linea straniero niente. Regno chiaro sorprendere pronto amore.",0
28,Ninetta,Pastine,1946-10-14,"Moglie eccetera dentro più bestia ciascuno. Nome gente assai fortuna capire gioco insieme.
Colore repubblica vero periodo soltanto egli massimo. Personale necessità dimenticare repubblica piuttosto lei nessuno. Giù rivedere fiume forte circa.
Legare bestia sbagliare assumere fuggire. Noto destro vero quanto opinione effetto. Descrivere comprare lo caratteristico animo zona.",0
29,Giustino,Cortese,1988-10-14,"Commissione ridurre ammettere ammettere. Tra popolo ritenere nero madre direzione. Mestiere conto perciò divenire stabilire. No sorprendere chilometro personale luce pietra.
Dinanzi amare causa scena affrontare. Incontrare avvocato malattia costruzione proposito caldo. Compagnia preferire possedere peso filo.
Madre scomparire perfetto regione. Leggere uso ordinare secolo. Tuttavia semplice rivolgere domanda offrire meno.",0
30,Rodolfo,Spallanzani,1990-10-14,"No bambino costringere mentre fondare movimento partito. Voce là mostrare erba ascoltare ritenere distinguere.
Finire finché posizione metro. Impedire scrivere diritto elemento operazione nord dipendere.
Assai freddo forza insomma lei figurare continuare. Accettare politico vi significare quanto.
Tacere iniziare realtà ne prevedere posizione. Svegliare futuro sforzo sede notare ogni.
Preferire neanche pianura situazione cortile. Occhio parecchio romano. Infatti triste poiché fatto chissà.",0
31,Baccio,Trotta,1938-10-14,NULL,0
32,Barbara,Biagi,1981-10-14,"Oh notevole distanza silenzio ricchezza interesse appoggiare poeta. Occhio tentare occasione chiesa abbandonare. Giornata in avvertire riferire particolare un nulla.
Aiutare territorio rappresentare passione pane significare paese soldato. Fiore cantare largo presente necessità dipendere. Segretario qua osservare proposta certamente. Secondo chiedere adesso attorno quindi distanza.
Domandare pranzo offrire rappresentare. Opera sottile autore nero lei parete addirittura.",0
33,Martino,Ammaniti,1985-10-14,"Vento entro ricchezza perfino.
Articolo tenere solito latino riconoscere udire. Avvertire occhio grave aria oramai. Base posizione anche difficile.
Via lavoro pubblico niente avvocato soldato. Mano dito straniero uguale parte.
Sviluppo opinione peggio avanzare risultato. Principale tanto parete dolce subito sorridere comunicazione. Largo potenza maestro domanda cioè fame gesto.",0
34,Sergius,Bompiani,1961-10-14,"Papà atto studiare signorina.
Chiudere studio considerare possedere lì. Neanche diverso europeo dubbio. Oggetto limitare pelle tavola periodo.
Linea mandare sistema attesa caldo. Divenire tedesco venire vestire organizzare qualsiasi.
Figlia necessario tra sbagliare ridere sperare materia. Materia occorrere osservare seguire automobile forma.
Lo viso città esistere basso. Rientrare chilometro reale pezzo. Idea in espressione serie.",0
35,Orazio,Filippini,1951-10-14,"Smettere davvero osservare monte. Guardare latino gruppo pane procedere famoso.
Nudo porta sole ragazza rosso alzare. Giardino giudizio tuttavia lontano bastare campagna sognare.
Produzione caratteristico titolo rendere storia. Mare attore soprattutto forma chiamare tacere cantare.
Rappresentare determinare dormire gente. Sì braccio sì.
Mancare là famiglia esperienza francese. Qualcuno sorridere chiudere cuore discutere.",0
36,Sandra,Gagliano,1995-10-14,"Giusto scrittore e salutare creare perfetto offendere. Qualsiasi ognuno vario commissione cura.
Pomeriggio volere peso risolvere conto sforzo. Lavorare superare facile già dio.
Tono assicurare silenzio popolazione viso fantasia fiducia normale. Osservare terreno risultare conoscenza notizia. Svegliare servire preoccupare invece avvenire pietà fede.
Assai li casa medio luce uno corrente.",0
37,Gianna,Corradi,1939-10-14,"Rapido li termine tentare togliere. Camera atteggiamento il particolare.
Padrone attore animo immagine colore nemmeno maniera. Signore profondo luce mio intendere caffè. Eccetera normale aprire desiderio famoso causa.
Legare guidare vincere. Apparire seguire avanzare giovanotto sposare diretto lui.
Preparare istituto sonno accadere perfino importare posto collo. Camera risultato senso regione. Spegnere serie desiderio alcuno.
Corrente muovere fede.",0
38,Marcella,Finotto,1957-10-14,NULL,0
39,Graziella,Martucci,1941-10-14,"Atto militare bisogno sede colpo già tacere. Togliere programma volto superiore.
Avvenire bianco battere posto capitare facile considerare avanti. Donna energia dopo tacere raggiungere.
Film domenica sede. Muro accadere giugno mi assistere pezzo.
Poeta unico appoggiare unire dito rispondere attenzione.
Naturalmente articolo vero il interessare prevedere volontà. Battaglia pubblicare inverno largo preoccupare dire vedere. Parlare migliore passare centrale tanto situazione.",0
40,Ippazio,Cesarotti,1963-10-14,NULL,0
41,Gianfrancesco,Cagnin,1991-10-14,NULL,0
42,Ricciotti,Majewski,1966-10-14,"Religioso bestia e mondo fresco lo. Personaggio stella limite estero eccellenza però simile congresso. Piede stamattina stazione amico contrario vincere essere.
Presidente pazzo prossimo relazione occorrere erba. Mente eppure genere grave greco. Ringraziare cercare vestito arrestare questione treno.
Mente idea guerra strumento volto guardia villa. Mamma bene grado giovanotto. Argomento parlare senza origine.",0
43,Annalisa,Cattaneo,1980-10-14,NULL,0
44,Fedele,Ioppi,1984-10-14,"Finalmente seguire spazio amico istante voi. Mostrare morte carta fabbrica industria.
Funzione parecchio francese giovane vero nero erba. Campagna dottore parte signorina contrario.
Mano pericoloso possibile. Stella tentare scomparire croce.
Merito chilometro togliere escludere che dito caldo. Passo sottile straniero se. Qualsiasi breve soluzione industriale dire.
Piano perfetto dolore comprare. Punta lotta spalla perfino.",0
45,Elena,Ciani,1974-10-14,"Differenza evitare tono ponte sostenere. Avvertire segno religioso. Tratto sonno armare società fiducia.
Riva bambino fra qualcosa permettere. Sereno pomeriggio abitare militare fresco organizzare pensare.
Solo commercio confronto pelle. Come politico rifiutare fino speciale. Aprire assistere maggiore elettrico industria appena abitare ecco.
Elettrico luogo abito titolo svolgere. Meglio mi conto tu casa esistere comporre.",0
46,Sandro,Martinelli,1984-10-14,"Sorridere proposito ordinare appartenere. Termine frase rapporto onore passare trarre.
Regno terzo passo parlare. Volare costituire metà. Tardi strano rapido consentire terreno guardare rispetto contro.
Energia comunicazione appoggiare film raccogliere aggiungere parete. Base seguire preferire. Parere cominciare né guerra fine riempire accanto.
Ufficio bianco disposizione. Coscienza davanti ringraziare giusto baciare. Dolore imparare ritrovare nobile moderno.",0
47,Arnulfo,Battisti,1952-10-14,NULL,0
48,Ronaldo,Mondadori,1938-10-14,"Colpire maestro milione. Uomo stazione mandare sbagliare bello faccia.
Aumentare pieno marito legge neppure parlare processo elettrico. Parola neanche attorno intorno inoltre esame.
Greco organizzare processo punta poiché. Piacere concludere triste. Tavola smettere comunque.
Atteggiamento sicurezza aria russo innamorare. Vino attraversare egli fermo resto proposito significare.",0
49,Laura,Avogadro,1969-10-14,"Paese pelle naturale mancare contadino valle sicuro. Segreto perciò voce provincia stato verde rapido. Mondo descrivere aspettare porta subito colpo imporre.
Si uso considerare giardino impossibile. Là materia medico soldato trarre parecchio.
Materia mostrare oggetto posare estendere altro giallo. Sistema fondo cominciare.
Sorella superare pomeriggio battaglia fumare. Come povero tono metro improvviso bellezza. Elevare cantare fermare finalmente.",0
50,Gustavo,Durante,1969-10-14,"Università pensiero malattia probabilmente filo comodo. Dove speciale aspettare elemento riguardare. Stella grave determinare attendere.
Sala fine signora semplice odore opinione comprendere. Collina aiutare noi. Vicino togliere chiudere.
Ancora speciale commercio occhio. Ne tardi giù libro teatro.
Porre entro bastare completamente lettera misura distinguere possibilità.
Direttore davanti soluzione grado medesimo.",0
